ID	hash.ID	seurat_clusters
AATCGGTCAGCCTGTG	T1-CD19neg	2
ATCACGACAACACCTA	T1-CD19neg	0
CACATTTTCTGCGACG	T1-CD19neg	5
CCTACCAAGGCAAAGA	T1-CD19neg	2
CTACATTTCAAACCGT	T1-CD19neg	2
GACCAATAGCTGTTCA	T1-CD19neg	2
GCATGCGGTCGAAAGC	T1-CD19neg	0
GGACGTCGTAAACACA	T1-CD19neg	0
TAGTTGGCAGGCAGTA	T1-CD19neg	0
TCGAGGCAGCCCAATT	T1-CD19neg	2
TCGCGAGCACGCTTTC	T1-CD19neg	0
AACACGTCACAGTCGC	T1-CD19pos	0
AAGACCTCATAACCTG	T1-CD19pos	0
AAGGCAGAGAAGGTTT	T1-CD19pos	0
AAGGCAGCAATCGAAA	T1-CD19pos	0
ACGAGGACACATTTCT	T1-CD19pos	0
ACGAGGACACGAAAGC	T1-CD19pos	0
ACGCAGCAGGTACTCT	T1-CD19pos	0
ACTGAGTAGGGCATGT	T1-CD19pos	0
ACTGATGGTCGGGTCT	T1-CD19pos	0
ACTGCTCGTCGGATCC	T1-CD19pos	0
ACTTTCAGTGCCTGCA	T1-CD19pos	1
AGATTGCCACGCCAGT	T1-CD19pos	0
AGCGTATCAAACGCGA	T1-CD19pos	0
AGGGAGTTCTGGTGTA	T1-CD19pos	0
AGGGATGCAATAGCGG	T1-CD19pos	0
AGTAGTCAGCATCATC	T1-CD19pos	0
ATCTGCCAGGCAGTCA	T1-CD19pos	0
ATGAGGGGTTTGGCGC	T1-CD19pos	1
ATTGGTGAGATGGCGT	T1-CD19pos	0
ATTTCTGCACAGACTT	T1-CD19pos	0
CAACCTCAGGGCTCTC	T1-CD19pos	1
CACAAACCAATCCGAT	T1-CD19pos	0
CACAGGCAGAATGTGT	T1-CD19pos	0
CAGCAGCCACCCATGG	T1-CD19pos	0
CATCGGGGTGCCTTGG	T1-CD19pos	0
CCTAGCTTCCTCAACC	T1-CD19pos	0
CGATGTATCTCAAACG	T1-CD19pos	0
CGCCAAGTCGTGGGAA	T1-CD19pos	0
CGCGTTTCAGGAATGC	T1-CD19pos	0
CGGACTGGTTATCACG	T1-CD19pos	0
CGGAGCTTCTCGGACG	T1-CD19pos	0
CGTGTCTAGTGGAGTC	T1-CD19pos	0
CTAACTTGTACAGTTC	T1-CD19pos	0
CTAATGGAGCTCAACT	T1-CD19pos	0
CTACATTTCCGTAGGC	T1-CD19pos	0
CTACGTCTCCATGAGT	T1-CD19pos	0
CTAGCCTCACGCCAGT	T1-CD19pos	0
CTCACACGTCCTGCTT	T1-CD19pos	0
CTGCGGAGTAGGACAC	T1-CD19pos	0
CTGCTGTAGAGCTGCA	T1-CD19pos	0
CTGTGCTGTGCACTTA	T1-CD19pos	5
CTTAGGAAGCGATTCT	T1-CD19pos	0
GACCTGGTCTGGAGCC	T1-CD19pos	0
GACGTTATCAGAGCTT	T1-CD19pos	0
GAGCAGAGTGACTCAT	T1-CD19pos	0
GATCGCGCAATGTTGC	T1-CD19pos	1
GATGAGGAGGGCTTGA	T1-CD19pos	0
GCCTCTACAAGGTGTG	T1-CD19pos	0
GCGCCAAGTCGCTTCT	T1-CD19pos	0
GCTTCCAAGTGTGGCA	T1-CD19pos	0
GCTTGAATCTGCGACG	T1-CD19pos	0
GGAATAAAGCAAATCA	T1-CD19pos	0
GGAGCAAAGGCTCATT	T1-CD19pos	0
GGCTGGTCACGAGGTA	T1-CD19pos	0
GGGTTGCCAGATGGCA	T1-CD19pos	1
GTCGTAACATCGACGC	T1-CD19pos	0
TAAGTGCGTAAGTGGC	T1-CD19pos	0
TACCTATAGAACTCGG	T1-CD19pos	0
TACGGGCTCGAGAGCA	T1-CD19pos	0
TACGGTAAGAGGTTAT	T1-CD19pos	0
TACTCATGTTCCAACA	T1-CD19pos	0
TCACGAAGTTTAGGAA	T1-CD19pos	0
TCGAGGCCATCGACGC	T1-CD19pos	0
TCTCATACATGTAAGA	T1-CD19pos	0
TCTGGAACAGGCAGTA	T1-CD19pos	1
TCTTTCCCACTCTGTC	T1-CD19pos	0
TGAAAGAGTAAATGTG	T1-CD19pos	0
TGCGTGGCATTGGCGC	T1-CD19pos	0
TGCTACCAGAAGGTTT	T1-CD19pos	2
TGGCCAGGTATAGGGC	T1-CD19pos	0
TGGCCAGTCTGGGCCA	T1-CD19pos	0
TGGCGCAGTCAACATC	T1-CD19pos	0
TGTTCCGCAACTGGCC	T1-CD19pos	0
TTCCCAGCACTACAGT	T1-CD19pos	0
TTCCCAGTCCCGGATG	T1-CD19pos	0
TTCGAAGGTCCAAGTT	T1-CD19pos	0
TTCTCAAAGCCACTAT	T1-CD19pos	0
TTGCCGTAGCTAGCCC	T1-CD19pos	0
AAACGGGAGTGACTCT	T2-CD19neg	0
ACATCAGTCAGGCCCA	T2-CD19neg	1
ACCAGTAGTGATGATA	T2-CD19neg	1
ACGAGGAAGTTAGCGG	T2-CD19neg	1
ACGAGGATCTTATCTG	T2-CD19neg	1
AGAATAGAGTAAGTAC	T2-CD19neg	1
AGAGTGGGTCTGGAGA	T2-CD19neg	2
AGCTCCTAGCAATCTC	T2-CD19neg	1
ATGGGAGTCCAGAGGA	T2-CD19neg	1
ATGTGTGGTCAGTGGA	T2-CD19neg	1
ATTCTACTCCAAGCCG	T2-CD19neg	1
ATTGGACGTCAGAATA	T2-CD19neg	1
CACAAACGTCAAAGAT	T2-CD19neg	1
CACAGTATCCAAAGTC	T2-CD19neg	1
CAGAGAGAGTACCGGA	T2-CD19neg	1
CATCCACCACTGTTAG	T2-CD19neg	0
CGACCTTGTTCGTTGA	T2-CD19neg	1
CGAGCACAGTCTCCTC	T2-CD19neg	1
CGCCAAGGTGGTCTCG	T2-CD19neg	1
CGGACACGTGCAACTT	T2-CD19neg	1
CGTGAGCAGACGACGT	T2-CD19neg	5
CGTGTCTTCCTTTCTC	T2-CD19neg	1
CTAAGACAGCGGCTTC	T2-CD19neg	1
CTACCCAAGTACCGGA	T2-CD19neg	1
CTAGCCTCACGTTGGC	T2-CD19neg	1
CTCAGAACAATAGCGG	T2-CD19neg	1
CTGCCTACATACTACG	T2-CD19neg	0
CTGCCTATCAGCTGGC	T2-CD19neg	1
GAACCTAGTCGCGGTT	T2-CD19neg	1
GACAGAGAGTGTCCAT	T2-CD19neg	1
GAGTCCGGTTGGACCC	T2-CD19neg	0
GATGCTAAGTTCCACA	T2-CD19neg	1
GATGCTAGTCTCTCTG	T2-CD19neg	1
GCAATCATCAACCAAC	T2-CD19neg	5
GCGCGATGTTGACGTT	T2-CD19neg	1
GGCGACTTCTCGCATC	T2-CD19neg	1
GGGCATCCAGGCAGTA	T2-CD19neg	1
GTACGTACAAAGGCGT	T2-CD19neg	1
GTACGTAGTAGTGAAT	T2-CD19neg	1
GTATTCTTCCGTTGCT	T2-CD19neg	1
GTCATTTAGATAGCAT	T2-CD19neg	1
GTCGTAAGTGCAACTT	T2-CD19neg	1
GTGAAGGTCCTGTACC	T2-CD19neg	1
GTGCGGTGTCTCAACA	T2-CD19neg	0
TACTCATAGACCACGA	T2-CD19neg	1
TAGTGGTGTCCTAGCG	T2-CD19neg	1
TCAGCAACATCGGAAG	T2-CD19neg	1
TCAGCAATCTCCAACC	T2-CD19neg	1
TGGGAAGCACCCATTC	T2-CD19neg	1
TTGACTTTCCCAACGG	T2-CD19neg	5
AACTCAGGTGGCGAAT	T2-CD19pos	0
AACTCAGTCTATCCTA	T2-CD19pos	4
AAGTCTGCACGCCAGT	T2-CD19pos	3
AATCCAGGTAAGGATT	T2-CD19pos	3
ACAGCTAGTGTTCTTT	T2-CD19pos	1
ACCAGTACACACCGCA	T2-CD19pos	0
ACGTCAAAGAGCTATA	T2-CD19pos	3
ACTGTCCGTCAGATAA	T2-CD19pos	3
AGACGTTCAGCTCCGA	T2-CD19pos	0
AGAGCGAAGAGCCCAA	T2-CD19pos	3
AGGCCGTAGGAGTTGC	T2-CD19pos	3
AGGTCATGTGGGTATG	T2-CD19pos	2
ATAGACCCACGCGAAA	T2-CD19pos	0
ATCATCTGTCGGCATC	T2-CD19pos	5
ATGAGGGAGATATACG	T2-CD19pos	4
ATGAGGGAGATATGCA	T2-CD19pos	5
ATGCGATTCCGCTGTT	T2-CD19pos	3
CAACTAGTCAGCATGT	T2-CD19pos	4
CACAGTAAGCTTTGGT	T2-CD19pos	4
CATGCCTCAAACGTGG	T2-CD19pos	3
CATGGCGAGGCTAGAC	T2-CD19pos	0
CCCAGTTGTAGTACCT	T2-CD19pos	4
CCTACACCATCTATGG	T2-CD19pos	3
CGAATGTGTGCAACTT	T2-CD19pos	2
CGGGTCACATGTAAGA	T2-CD19pos	3
CTCGAGGGTGGCAAAC	T2-CD19pos	3
CTCTGGTCACCACGTG	T2-CD19pos	3
CTTACCGGTCTGCGGT	T2-CD19pos	3
GATCGCGTCTGAGGGA	T2-CD19pos	3
GCACATAAGATGTGGC	T2-CD19pos	3
GCAGTTAGTGACTACT	T2-CD19pos	0
GCGGGTTGTCTGCCAG	T2-CD19pos	3
GGACAGATCGGATGGA	T2-CD19pos	3
GGATTACTCGTTTATC	T2-CD19pos	2
GGCTCGAGTCATACTG	T2-CD19pos	3
GTACTTTCATGATCCA	T2-CD19pos	5
GTGCATAAGTCCATAC	T2-CD19pos	3
TATGCCCCACGTCAGC	T2-CD19pos	4
TCAGCAATCTTCGGTC	T2-CD19pos	1
TCGCGAGCAATAGCAA	T2-CD19pos	3
TCTGAGATCACATAGC	T2-CD19pos	3
TGAGCATCATCACGTA	T2-CD19pos	3
TGCCCATGTTCTGTTT	T2-CD19pos	3
TGGTTCCAGTGTACCT	T2-CD19pos	3
TGTATTCCACCGAATT	T2-CD19pos	0
TGTCCCAAGTGCCAGA	T2-CD19pos	3
TTCTACAGTAGGAGTC	T2-CD19pos	3
TTTACTGGTAAATGAC	T2-CD19pos	3
AAACCTGGTCTAAAGA	T1-CD19neg	2
AAACGGGCACAGATTC	T1-CD19neg	2
AAAGCAAAGAGTAATC	T1-CD19neg	2
AAAGTAGGTCCATCCT	T1-CD19neg	2
AAATGCCGTTATTCTC	T1-CD19neg	2
AACACGTCAAAGGCGT	T1-CD19neg	2
AACCATGTCAGTTAGC	T1-CD19neg	2
AACCGCGTCAAACAAG	T1-CD19neg	2
AACCGCGTCGCTTGTC	T1-CD19neg	2
AACTCAGGTCCTCTTG	T1-CD19neg	2
AACTCCCGTGTCTGAT	T1-CD19neg	2
AACTCCCGTTTGACAC	T1-CD19neg	2
AACTCTTTCTGCGTAA	T1-CD19neg	2
AACTGGTAGTTAAGTG	T1-CD19neg	2
AACTTTCCAGGGCATA	T1-CD19neg	2
AACTTTCGTCAGAAGC	T1-CD19neg	2
AAGCCGCAGGCATGTG	T1-CD19neg	2
AAGCCGCCAGTGGGAT	T1-CD19neg	2
AAGCCGCCATTCTCAT	T1-CD19neg	2
AAGCCGCGTGTCCTCT	T1-CD19neg	2
AAGCCGCTCCCAGGTG	T1-CD19neg	2
AAGGCAGCATTGGTAC	T1-CD19neg	2
AAGGCAGGTATGAATG	T1-CD19neg	2
AAGGCAGTCAGTTAGC	T1-CD19neg	2
AAGGCAGTCCCATTTA	T1-CD19neg	2
AAGTCTGAGAGTCGGT	T1-CD19neg	2
AAGTCTGGTCTGCAAT	T1-CD19neg	2
AAGTCTGTCTGGCGAC	T1-CD19neg	2
AATCGGTCAGCTCGCA	T1-CD19neg	2
AATCGGTTCGAACGGA	T1-CD19neg	2
ACACCAAAGCGATCCC	T1-CD19neg	2
ACACCAAGTTCGGCAC	T1-CD19neg	2
ACACCCTAGAGAACAG	T1-CD19neg	2
ACACCCTCACTCGACG	T1-CD19neg	2
ACACCCTCAGCCACCA	T1-CD19neg	5
ACACCGGTCGGTGTCG	T1-CD19neg	2
ACAGCTAAGGAGTAGA	T1-CD19neg	2
ACAGCTAAGTGTACCT	T1-CD19neg	2
ACAGCTAGTACATGTC	T1-CD19neg	2
ACAGCTAGTTAAAGAC	T1-CD19neg	2
ACAGCTAGTTCAGTAC	T1-CD19neg	2
ACATACGAGAGTAATC	T1-CD19neg	2
ACATACGGTGCTTCTC	T1-CD19neg	2
ACATCAGAGGCAGGTT	T1-CD19neg	2
ACCAGTACATAGTAAG	T1-CD19neg	2
ACCCACTAGAGCCCAA	T1-CD19neg	2
ACCCACTCATTTGCCC	T1-CD19neg	2
ACCGTAAAGTCAAGCG	T1-CD19neg	2
ACCTTTACAGACAGGT	T1-CD19neg	2
ACCTTTACAGATCGGA	T1-CD19neg	2
ACCTTTATCAGAAATG	T1-CD19neg	2
ACGAGCCCAAAGGAAG	T1-CD19neg	2
ACGAGCCGTGGACGAT	T1-CD19neg	2
ACGAGGATCCGCGCAA	T1-CD19neg	2
ACGATACCAAGCGATG	T1-CD19neg	2
ACGATACCACGAGAGT	T1-CD19neg	2
ACGATACCACGTTGGC	T1-CD19neg	2
ACGATACCATGTAGTC	T1-CD19neg	2
ACGATGTTCGGCATCG	T1-CD19neg	2
ACGCAGCGTTGGTGGA	T1-CD19neg	2
ACGCAGCTCCAATGGT	T1-CD19neg	2
ACGCCGACATTGCGGC	T1-CD19neg	2
ACGGAGAGTACTTAGC	T1-CD19neg	2
ACGGAGATCTGCAAGT	T1-CD19neg	2
ACTTGTTAGCCTCGTG	T1-CD19neg	2
ACTTGTTCATTAGCCA	T1-CD19neg	2
ACTTGTTTCACTGGGC	T1-CD19neg	2
ACTTTCACATCTGGTA	T1-CD19neg	2
ACTTTCACATTTGCTT	T1-CD19neg	2
ACTTTCAGTGTCCTCT	T1-CD19neg	2
ACTTTCAGTTGACGTT	T1-CD19neg	2
AGAATAGCAAACGTGG	T1-CD19neg	2
AGACGTTAGTTTAGGA	T1-CD19neg	2
AGACGTTGTTCCACTC	T1-CD19neg	2
AGAGTGGGTACCGGCT	T1-CD19neg	2
AGATCTGGTGAGGCTA	T1-CD19neg	0
AGATTGCCACTGTGTA	T1-CD19neg	2
AGCAGCCGTAAGCACG	T1-CD19neg	2
AGCAGCCTCATCGGAT	T1-CD19neg	2
AGCCTAAGTCTAGTGT	T1-CD19neg	2
AGCGTATGTGGCGAAT	T1-CD19neg	2
AGCTCCTAGAGATGAG	T1-CD19neg	2
AGCTCCTGTCTAAAGA	T1-CD19neg	2
AGCTCTCAGGGTCTCC	T1-CD19neg	2
AGCTTGACAAGCGCTC	T1-CD19neg	2
AGCTTGAGTCGCATCG	T1-CD19neg	2
AGCTTGAGTCTTCTCG	T1-CD19neg	2
AGGCCGTGTTGCCTCT	T1-CD19neg	2
AGGGAGTCACATCCAA	T1-CD19neg	2
AGGGAGTGTGACCAAG	T1-CD19neg	2
AGGGATGCATTAGCCA	T1-CD19neg	0
AGTGAGGAGAGCCTAG	T1-CD19neg	2
AGTGAGGAGTCCAGGA	T1-CD19neg	2
AGTGGGAAGTATCGAA	T1-CD19neg	2
AGTGGGAGTCTGCAAT	T1-CD19neg	5
AGTTGGTAGAGACTTA	T1-CD19neg	2
ATAACGCAGTTGCAGG	T1-CD19neg	2
ATAAGAGAGCGCCTCA	T1-CD19neg	2
ATAAGAGCATAGTAAG	T1-CD19neg	2
ATAAGAGGTCAGAGGT	T1-CD19neg	2
ATAGACCAGAATGTGT	T1-CD19neg	2
ATAGACCAGCCCGAAA	T1-CD19neg	2
ATAGACCGTAGCTCCG	T1-CD19neg	2
ATCACGAAGCCTATGT	T1-CD19neg	2
ATCATCTGTGGACGAT	T1-CD19neg	0
ATCATCTTCCGATATG	T1-CD19neg	2
ATCCGAACATACGCCG	T1-CD19neg	2
ATCCGAAGTAAATGAC	T1-CD19neg	2
ATCGAGTGTCCTCCAT	T1-CD19neg	0
ATCGAGTGTTGATTGC	T1-CD19neg	2
ATCTACTAGTAGCCGA	T1-CD19neg	2
ATCTACTGTACAGTTC	T1-CD19neg	2
ATGAGGGAGTAGCCGA	T1-CD19neg	2
ATGCGATAGGCATTGG	T1-CD19neg	2
ATGCGATTCAAACAAG	T1-CD19neg	2
ATGGGAGTCTGCAAGT	T1-CD19neg	2
ATGTGTGAGCGTGTCC	T1-CD19neg	2
ATGTGTGCAGTCACTA	T1-CD19neg	2
ATGTGTGTCATCGATG	T1-CD19neg	2
ATTACTCAGCAAATCA	T1-CD19neg	2
ATTATCCTCAGATAAG	T1-CD19neg	0
ATTCTACAGCCCAATT	T1-CD19neg	2
ATTCTACTCTTGAGAC	T1-CD19neg	2
ATTGGACTCTCCGGTT	T1-CD19neg	2
ATTTCTGGTTATCACG	T1-CD19neg	2
CAACCAATCTGGTGTA	T1-CD19neg	2
CAACTAGCAGGACCCT	T1-CD19neg	2
CAAGAAATCGATCCCT	T1-CD19neg	2
CAAGATCGTGAGGCTA	T1-CD19neg	2
CACAGGCAGCTTTGGT	T1-CD19neg	2
CACAGGCGTCCAAGTT	T1-CD19neg	2
CACAGGCGTGTGAATA	T1-CD19neg	2
CACAGGCTCAGCCTAA	T1-CD19neg	2
CACAGTACATCCCATC	T1-CD19neg	2
CACATTTAGGTGCTAG	T1-CD19neg	2
CACATTTTCCATGAAC	T1-CD19neg	2
CACCACTAGCGTCAAG	T1-CD19neg	2
CACCACTAGTGGTCCC	T1-CD19neg	2
CACCACTTCCGGCACA	T1-CD19neg	2
CACCAGGCACCACGTG	T1-CD19neg	2
CACCAGGGTCCGACGT	T1-CD19neg	2
CACCAGGGTTGGTTTG	T1-CD19neg	2
CACCAGGTCTTGAGGT	T1-CD19neg	2
CACCTTGGTGCTAGCC	T1-CD19neg	2
CACTCCAAGTAGGCCA	T1-CD19neg	2
CAGAATCAGGACATTA	T1-CD19neg	2
CAGAATCCAGCTGTAT	T1-CD19neg	2
CAGATCATCAGCTCGG	T1-CD19neg	5
CAGCAGCAGATAGCAT	T1-CD19neg	2
CAGCAGCCAATGGAAT	T1-CD19neg	2
CAGCAGCGTCGGCATC	T1-CD19neg	2
CAGCAGCGTGAGCGAT	T1-CD19neg	5
CAGCATAAGTTGCAGG	T1-CD19neg	2
CAGCTAATCACCCTCA	T1-CD19neg	2
CAGCTGGAGGTGACCA	T1-CD19neg	2
CAGCTGGCACGTGAGA	T1-CD19neg	2
CAGGTGCCATGGGAAC	T1-CD19neg	2
CAGGTGCGTCACAAGG	T1-CD19neg	2
CAGTAACAGTAGCGGT	T1-CD19neg	2
CAGTAACCAAGCCGCT	T1-CD19neg	2
CAGTCCTAGAGCTATA	T1-CD19neg	2
CAGTCCTCAGGCAGTA	T1-CD19neg	2
CATATTCGTTACGACT	T1-CD19neg	2
CATATTCTCACCCTCA	T1-CD19neg	2
CATCGAACAAGCTGAG	T1-CD19neg	2
CATCGGGAGGTGATAT	T1-CD19neg	2
CATCGGGCAATGGACG	T1-CD19neg	2
CATCGGGCACATGACT	T1-CD19neg	2
CATGCCTGTCTAAACC	T1-CD19neg	2
CATGCCTTCGAATGGG	T1-CD19neg	2
CATGGCGCAAAGTCAA	T1-CD19neg	2
CATTATCTCAATAAGG	T1-CD19neg	2
CATTCGCTCAACACCA	T1-CD19neg	2
CCACCTAAGTACGCGA	T1-CD19neg	2
CCACCTACATGCGCAC	T1-CD19neg	2
CCACCTATCAACACCA	T1-CD19neg	2
CCACGGAAGGAGTACC	T1-CD19neg	2
CCACGGAGTCATGCCG	T1-CD19neg	2
CCACTACTCACAAACC	T1-CD19neg	2
CCAGCGAGTCATTAGC	T1-CD19neg	2
CCCAATCCAAGTTCTG	T1-CD19neg	0
CCCAGTTAGAAAGTGG	T1-CD19neg	2
CCCAGTTCACACCGAC	T1-CD19neg	2
CCCAGTTTCCGTTGCT	T1-CD19neg	2
CCCAGTTTCTATCCTA	T1-CD19neg	2
CCCATACAGCGATGAC	T1-CD19neg	2
CCCTCCTGTTAAGAAC	T1-CD19neg	2
CCCTCCTTCATCGATG	T1-CD19neg	2
CCGGGATCACGCTTTC	T1-CD19neg	2
CCGGGATTCTTACCGC	T1-CD19neg	2
CCGGTAGGTTAAAGTG	T1-CD19neg	2
CCGTGGACAGCTGGCT	T1-CD19neg	1
CCTAAAGTCCTTTACA	T1-CD19neg	2
CCTACACCAGTATCTG	T1-CD19neg	2
CCTACCACAGATCCAT	T1-CD19neg	2
CCTACCAGTCTCTTAT	T1-CD19neg	2
CCTAGCTGTGATAAAC	T1-CD19neg	2
CCTATTATCCAACCAA	T1-CD19neg	2
CCTTACGGTTAAGATG	T1-CD19neg	2
CCTTCCCCACAGGCCT	T1-CD19neg	2
CCTTCGAGTTCCAACA	T1-CD19neg	2
CCTTTCTAGATGAGAG	T1-CD19neg	2
CGAACATCAAAGCGGT	T1-CD19neg	2
CGACTTCTCACGGTTA	T1-CD19neg	2
CGAGAAGGTCAACTGT	T1-CD19neg	2
CGAGCACTCATCATTC	T1-CD19neg	2
CGAGCCAGTGCACGAA	T1-CD19neg	2
CGAGCCATCGGCATCG	T1-CD19neg	2
CGATCGGAGAGGTTAT	T1-CD19neg	2
CGATCGGAGGGCTTGA	T1-CD19neg	5
CGATCGGGTCTGCGGT	T1-CD19neg	2
CGATGGCGTAGCGTGA	T1-CD19neg	2
CGATGGCGTCAAAGCG	T1-CD19neg	2
CGATGGCGTCTTGCGG	T1-CD19neg	2
CGATGGCTCCAAAGTC	T1-CD19neg	2
CGATGTAAGAGGTTGC	T1-CD19neg	2
CGCCAAGAGTGCCAGA	T1-CD19neg	2
CGCGTTTGTGTCGCTG	T1-CD19neg	2
CGCTATCGTGCCTGGT	T1-CD19neg	2
CGCTTCACAGTTTACG	T1-CD19neg	2
CGCTTCATCAGCGACC	T1-CD19neg	2
CGGACACAGTAGCGGT	T1-CD19neg	2
CGGAGCTAGAGTAATC	T1-CD19neg	2
CGGAGCTGTCGTGGCT	T1-CD19neg	2
CGGAGTCGTATGCTTG	T1-CD19neg	0
CGGCTAGAGACCTAGG	T1-CD19neg	2
CGGTTAAGTATGGTTC	T1-CD19neg	2
CGGTTAATCCCGACTT	T1-CD19neg	5
CGTAGCGCAAATACAG	T1-CD19neg	2
CGTAGCGCACCAACCG	T1-CD19neg	2
CGTCCATGTAGCAAAT	T1-CD19neg	2
CGTGAGCAGTGCCAGA	T1-CD19neg	2
CGTGAGCCAGGGTACA	T1-CD19neg	2
CGTGTCTTCCACGTTC	T1-CD19neg	2
CGTTAGAGTTACGCGC	T1-CD19neg	2
CGTTAGATCAGGTAAA	T1-CD19neg	2
CGTTCTGAGGTAAACT	T1-CD19neg	2
CGTTGGGCAGGATCGA	T1-CD19neg	2
CTAACTTAGTTCGCAT	T1-CD19neg	2
CTAACTTGTACACCGC	T1-CD19neg	2
CTAACTTGTCTCACCT	T1-CD19neg	2
CTAAGACCACCGTTGG	T1-CD19neg	2
CTACACCCAATGGATA	T1-CD19neg	2
CTACATTGTATCGCAT	T1-CD19neg	2
CTACGTCCAACGATGG	T1-CD19neg	2
CTAGAGTCAGATCCAT	T1-CD19neg	2
CTAGAGTGTCAACATC	T1-CD19neg	2
CTAGCCTCACGGTAAG	T1-CD19neg	2
CTAGCCTTCTACCTGC	T1-CD19neg	2
CTAGTGAAGCTGGAAC	T1-CD19neg	2
CTAGTGAAGTCAATAG	T1-CD19neg	2
CTAGTGATCAACCATG	T1-CD19neg	2
CTCACACGTCGCATAT	T1-CD19neg	2
CTCAGAACAATGGACG	T1-CD19neg	2
CTCAGAACACTAGTAC	T1-CD19neg	2
CTCAGAACATCCGGGT	T1-CD19neg	2
CTCAGAATCCGAAGAG	T1-CD19neg	2
CTCATTAAGGATGGTC	T1-CD19neg	2
CTCCTAGCAAAGGAAG	T1-CD19neg	2
CTCCTAGCACCAGATT	T1-CD19neg	3
CTCCTAGGTAGAGCTG	T1-CD19neg	2
CTCCTAGGTCAATACC	T1-CD19neg	2
CTCCTAGTCCCGGATG	T1-CD19neg	2
CTCGGAGTCTTGCAAG	T1-CD19neg	2
CTCGGGATCGGAAACG	T1-CD19neg	2
CTCTGGTAGAATGTGT	T1-CD19neg	2
CTCTGGTAGGTCGGAT	T1-CD19neg	2
CTGAAACAGCGACGTA	T1-CD19neg	2
CTGAAACGTCAGAAGC	T1-CD19neg	2
CTGAAGTAGGCTAGGT	T1-CD19neg	2
CTGATCCGTCAAAGAT	T1-CD19neg	5
CTGCCTAAGATGAGAG	T1-CD19neg	2
CTGCCTATCGCCAAAT	T1-CD19neg	2
CTGCTGTTCATTGCGA	T1-CD19neg	2
CTGTTTAAGAAGGTGA	T1-CD19neg	2
CTGTTTACATAAAGGT	T1-CD19neg	2
CTTAACTGTAAATACG	T1-CD19neg	2
CTTACCGCATCCGCGA	T1-CD19neg	2
CTTAGGATCAACGGCC	T1-CD19neg	2
CTTGGCTAGAGACGAA	T1-CD19neg	2
CTTGGCTGTGCGCTTG	T1-CD19neg	2
CTTGGCTGTTAAGACA	T1-CD19neg	2
CTTTGCGAGATGTTAG	T1-CD19neg	2
CTTTGCGCAGCAGTTT	T1-CD19neg	2
CTTTGCGGTACATCCA	T1-CD19neg	2
GAACATCAGGCAAAGA	T1-CD19neg	2
GAACATCTCAGAAATG	T1-CD19neg	2
GAACGGACACGTTGGC	T1-CD19neg	0
GAACGGATCCACGTTC	T1-CD19neg	2
GAAGCAGCACTACAGT	T1-CD19neg	2
GAAGCAGGTTGTCTTT	T1-CD19neg	2
GAATAAGAGTCAAGCG	T1-CD19neg	2
GAATAAGCAACTGCGC	T1-CD19neg	2
GAATAAGCACCTATCC	T1-CD19neg	2
GAATAAGCACTATCTT	T1-CD19neg	2
GAATAAGGTGCACTTA	T1-CD19neg	0
GACACGCCAGACAAGC	T1-CD19neg	2
GACACGCCAGTATGCT	T1-CD19neg	2
GACCAATCAGCTGTAT	T1-CD19neg	2
GACCAATTCCTGCAGG	T1-CD19neg	2
GACGGCTCATGCATGT	T1-CD19neg	2
GACGTGCGTTCCAACA	T1-CD19neg	2
GACGTGCTCTTCCTTC	T1-CD19neg	2
GACGTTAGTGCCTGCA	T1-CD19neg	2
GACTAACCACATCCGG	T1-CD19neg	2
GACTACATCAGCTGGC	T1-CD19neg	5
GACTGCGAGAGCCCAA	T1-CD19neg	2
GAGCAGAAGTATTGGA	T1-CD19neg	2
GAGGTGACATTTCAGG	T1-CD19neg	0
GAGTCCGCACGCATCG	T1-CD19neg	2
GAGTCCGGTCGACTAT	T1-CD19neg	2
GATCAGTGTAAATACG	T1-CD19neg	2
GATCAGTGTTGGAGGT	T1-CD19neg	2
GATCGTATCTGGCGTG	T1-CD19neg	2
GATCTAGAGGACAGCT	T1-CD19neg	2
GATGAAAAGGACACCA	T1-CD19neg	2
GATGAAAAGTGGTAAT	T1-CD19neg	2
GATGCTAAGCTCCCAG	T1-CD19neg	2
GATGCTACATCCGCGA	T1-CD19neg	2
GATTCAGAGATGTCGG	T1-CD19neg	2
GATTCAGTCCATGAGT	T1-CD19neg	2
GCAATCAAGCGTGTCC	T1-CD19neg	2
GCAATCACAATCTACG	T1-CD19neg	2
GCACATAAGTCAAGCG	T1-CD19neg	2
GCACATATCAGGATCT	T1-CD19neg	2
GCAGCCAGTATGGTTC	T1-CD19neg	2
GCAGCCATCTACGAGT	T1-CD19neg	5
GCATACAGTATCACCA	T1-CD19neg	2
GCATGATCATTATCTC	T1-CD19neg	2
GCATGCGAGTTGCAGG	T1-CD19neg	2
GCATGCGTCGATCCCT	T1-CD19neg	2
GCATGTAAGAGCCTAG	T1-CD19neg	2
GCCAAATGTGCAGACA	T1-CD19neg	2
GCGACCACATTCCTCG	T1-CD19neg	2
GCGCAACAGTCAAGCG	T1-CD19neg	0
GCGCAGTCAGTCCTTC	T1-CD19neg	2
GCGCCAAGTGACGCCT	T1-CD19neg	2
GCGCGATCAGACGTAG	T1-CD19neg	2
GCGGGTTAGTTTCCTT	T1-CD19neg	2
GCTCCTAAGATGTCGG	T1-CD19neg	2
GCTCCTACAGCCTTGG	T1-CD19neg	2
GCTCCTAGTTTAAGCC	T1-CD19neg	2
GCTGGGTCAATGGTCT	T1-CD19neg	2
GCTGGGTCATCACAAC	T1-CD19neg	2
GCTTCCATCACAGTAC	T1-CD19neg	2
GCTTGAAAGGGCTCTC	T1-CD19neg	2
GGAAAGCTCCGATATG	T1-CD19neg	2
GGAACTTCATGGATGG	T1-CD19neg	2
GGAATAACAAGCTGGA	T1-CD19neg	2
GGAATAACACTAGTAC	T1-CD19neg	2
GGACAAGAGCAAATCA	T1-CD19neg	2
GGACAAGGTTACAGAA	T1-CD19neg	2
GGACAGAAGTTTCCTT	T1-CD19neg	2
GGACAGAGTGTTGGGA	T1-CD19neg	2
GGACATTCAGTTCATG	T1-CD19neg	2
GGACATTTCAACCAAC	T1-CD19neg	2
GGACGTCAGAGAACAG	T1-CD19neg	5
GGATGTTCAAAGTCAA	T1-CD19neg	2
GGATTACCAAGTACCT	T1-CD19neg	2
GGCCGATAGCGATAGC	T1-CD19neg	0
GGCCGATCAATGCCAT	T1-CD19neg	2
GGCCGATCACATGACT	T1-CD19neg	2
GGCTCGAAGCGCTCCA	T1-CD19neg	2
GGCTGGTAGGATATAC	T1-CD19neg	2
GGGAATGGTAAGAGAG	T1-CD19neg	2
GGGACCTAGATAGGAG	T1-CD19neg	2
GGGACCTAGCCACTAT	T1-CD19neg	2
GGGCACTTCTACGAGT	T1-CD19neg	2
GGGCATCAGGGTTTCT	T1-CD19neg	2
GGGCATCCAAAGGCGT	T1-CD19neg	2
GGGCATCCAGGAATGC	T1-CD19neg	2
GGTATTGCACGTAAGG	T1-CD19neg	2
GGTGAAGAGATCGGGT	T1-CD19neg	2
GGTGCGTCAAATACAG	T1-CD19neg	2
GTACTTTCACCCAGTG	T1-CD19neg	2
GTAGTCATCCTAGAAC	T1-CD19neg	2
GTATCTTAGACAATAC	T1-CD19neg	2
GTCAAGTCATTCACTT	T1-CD19neg	2
GTCACAAAGCCCGAAA	T1-CD19neg	2
GTCACAATCATAGCAC	T1-CD19neg	2
GTCACAATCGGATGGA	T1-CD19neg	2
GTCACGGGTCTTCGTC	T1-CD19neg	2
GTCACGGTCATAGCAC	T1-CD19neg	2
GTCATTTCACGGATAG	T1-CD19neg	2
GTCGGGTTCCACTCCA	T1-CD19neg	2
GTCGTAATCGAATGCT	T1-CD19neg	2
GTCTCGTGTACCCAAT	T1-CD19neg	2
GTCTTCGAGGTAGCCA	T1-CD19neg	2
GTGAAGGTCCTTCAAT	T1-CD19neg	2
GTGCAGCAGTACCGGA	T1-CD19neg	2
GTGCAGCGTAAGTGGC	T1-CD19neg	2
GTGCGGTCAGACACTT	T1-CD19neg	2
GTGCTTCCAGACGCAA	T1-CD19neg	2
GTGTTAGGTCGGCATC	T1-CD19neg	2
GTTAAGCAGTCATGCT	T1-CD19neg	5
GTTAAGCTCTAACCGA	T1-CD19neg	0
GTTACAGTCATATCGG	T1-CD19neg	2
GTTCATTTCCGAATGT	T1-CD19neg	2
GTTCGGGCACCAGTTA	T1-CD19neg	2
GTTCGGGGTTGGTAAA	T1-CD19neg	2
GTTTCTAAGGGTTTCT	T1-CD19neg	2
TAAACCGTCACTTCAT	T1-CD19neg	2
TAAGAGAGTGACCAAG	T1-CD19neg	2
TAAGCGTAGTCTCAAC	T1-CD19neg	2
TAAGTGCCAGCATACT	T1-CD19neg	2
TAAGTGCTCTAGCACA	T1-CD19neg	2
TACACGAAGTACGCCC	T1-CD19neg	0
TACACGATCGCACTCT	T1-CD19neg	2
TACCTATTCAACGCTA	T1-CD19neg	2
TACCTTACACCATGTA	T1-CD19neg	2
TACGGATTCAGTACGT	T1-CD19neg	2
TACGGGCAGACCACGA	T1-CD19neg	2
TACGGGCCAAGCTGAG	T1-CD19neg	2
TACTCATCAGTTCATG	T1-CD19neg	2
TACTCGCCATCGATTG	T1-CD19neg	2
TACTTACCAAAGGTGC	T1-CD19neg	2
TACTTACGTGGCTCCA	T1-CD19neg	2
TACTTACTCAGCTCGG	T1-CD19neg	2
TAGCCGGTCGCCAAAT	T1-CD19neg	2
TAGTTGGAGTTAAGTG	T1-CD19neg	2
TAGTTGGGTATGGTTC	T1-CD19neg	2
TAGTTGGTCTAACTTC	T1-CD19neg	2
TATTACCGTAGCACGA	T1-CD19neg	2
TCAACGAAGTCCGTAT	T1-CD19neg	2
TCACAAGAGCCAGGAT	T1-CD19neg	2
TCAGGTATCGTAGGAG	T1-CD19neg	2
TCATTTGTCATGTCCC	T1-CD19neg	2
TCATTTGTCGGCGCAT	T1-CD19neg	2
TCCCGATAGGGCTTCC	T1-CD19neg	2
TCCCGATCAGGGCATA	T1-CD19neg	2
TCGCGAGGTACTCAAC	T1-CD19neg	2
TCGCGTTTCTTGCCGT	T1-CD19neg	2
TCGGGACCAGCCAATT	T1-CD19neg	2
TCGGGACGTCAGAGGT	T1-CD19neg	2
TCGGTAAAGCGATATA	T1-CD19neg	2
TCGTACCTCGGCATCG	T1-CD19neg	2
TCGTAGAAGCAGGTCA	T1-CD19neg	2
TCGTAGAAGGTGCTAG	T1-CD19neg	2
TCTCATAAGCACCGTC	T1-CD19neg	2
TCTCATAAGCTAGGCA	T1-CD19neg	2
TCTCATACACCTTGTC	T1-CD19neg	2
TCTCTAAAGGTAGCCA	T1-CD19neg	2
TCTCTAAGTTCCACTC	T1-CD19neg	2
TCTGAGAAGTCTCAAC	T1-CD19neg	2
TCTTTCCGTTAGAACA	T1-CD19neg	2
TCTTTCCTCTAGCACA	T1-CD19neg	2
TGAAAGATCACCAGGC	T1-CD19neg	2
TGACAACCACAGACTT	T1-CD19neg	2
TGACAACGTACATGTC	T1-CD19neg	2
TGACGGCCATAGGATA	T1-CD19neg	2
TGACGGCTCTGTCCGT	T1-CD19neg	2
TGAGAGGGTCGAAAGC	T1-CD19neg	2
TGAGCCGAGCCACGCT	T1-CD19neg	2
TGAGCCGGTAGAAAGG	T1-CD19neg	2
TGAGGGACAATGAAAC	T1-CD19neg	2
TGAGGGAGTCTTCGTC	T1-CD19neg	2
TGAGGGATCAGTGTTG	T1-CD19neg	2
TGCACCTCACAAGCCC	T1-CD19neg	2
TGCCAAAAGGCTCTTA	T1-CD19neg	2
TGCCAAACACCAGCAC	T1-CD19neg	2
TGCCCTAGTACCGCTG	T1-CD19neg	2
TGCGCAGGTACCGAGA	T1-CD19neg	2
TGCGCAGGTCGAACAG	T1-CD19neg	2
TGCGCAGTCAGCTCGG	T1-CD19neg	2
TGCGCAGTCATAGCAC	T1-CD19neg	2
TGCGTGGCATGCCACG	T1-CD19neg	2
TGCTACCGTGAGTGAC	T1-CD19neg	2
TGCTACCGTGATGTGG	T1-CD19neg	2
TGCTGCTAGAACAACT	T1-CD19neg	2
TGCTGCTCACAGTCGC	T1-CD19neg	2
TGCTGCTTCTTTCCTC	T1-CD19neg	2
TGGACGCCAGCCTATA	T1-CD19neg	2
TGGCCAGCACGAAAGC	T1-CD19neg	2
TGGCGCACAAATTGCC	T1-CD19neg	2
TGGCTGGAGAGACTAT	T1-CD19neg	2
TGGGAAGAGATGCGAC	T1-CD19neg	2
TGGGAAGCACGGCGTT	T1-CD19neg	2
TGGTTAGTCATTATCC	T1-CD19neg	2
TGGTTAGTCCTCAATT	T1-CD19neg	2
TGTATTCTCTTGCAAG	T1-CD19neg	2
TGTCCCAAGCTTATCG	T1-CD19neg	2
TGTCCCATCACCCGAG	T1-CD19neg	2
TGTCCCATCAGTCCCT	T1-CD19neg	2
TGTTCCGAGAGTAAGG	T1-CD19neg	2
TGTTCCGGTCATTAGC	T1-CD19neg	2
TTAACTCGTCTTGATG	T1-CD19neg	2
TTAGGACCACGAAATA	T1-CD19neg	2
TTAGGACTCACCAGGC	T1-CD19neg	4
TTAGGCACAAAGTGCG	T1-CD19neg	2
TTAGGCACAATCAGAA	T1-CD19neg	2
TTAGTTCCATCCGGGT	T1-CD19neg	2
TTATGCTAGTCGCCGT	T1-CD19neg	2
TTCGAAGAGATCGATA	T1-CD19neg	2
TTCTACACATCCAACA	T1-CD19neg	2
TTCTCCTGTCATTAGC	T1-CD19neg	2
TTCTTAGCATTCCTGC	T1-CD19neg	2
TTCTTAGTCGCACTCT	T1-CD19neg	2
TTGACTTAGTATCGAA	T1-CD19neg	2
TTGACTTGTCATGCAT	T1-CD19neg	2
TTGCCGTAGCCCTAAT	T1-CD19neg	2
TTGCGTCTCACTGGGC	T1-CD19neg	2
TTGCGTCTCGACGGAA	T1-CD19neg	2
TTGGAACCATCGATTG	T1-CD19neg	2
TTGGAACGTAGTGAAT	T1-CD19neg	2
TTGGAACTCTAACTCT	T1-CD19neg	2
TTGGCAATCCAGAAGG	T1-CD19neg	2
TTTCCTCTCCACGACG	T1-CD19neg	2
TTTGCGCAGTGCGTGA	T1-CD19neg	5
AAAGATGCAACGATGG	T1-CD19pos	0
AAAGCAACAACACCTA	T1-CD19pos	2
AACTCAGCAGACGCAA	T1-CD19pos	0
AACTCTTTCCCTTGTG	T1-CD19pos	0
AACTGGTCAGGTGCCT	T1-CD19pos	0
AACTTTCCAATGGAAT	T1-CD19pos	2
AAGGTTCTCTCGTATT	T1-CD19pos	0
ACAGCCGTCCTCATTA	T1-CD19pos	0
ACAGCTATCTATCGCC	T1-CD19pos	0
ACATACGCACCACCAG	T1-CD19pos	2
ACATCAGGTTCCGTCT	T1-CD19pos	0
ACCTTTATCATCATTC	T1-CD19pos	0
ACGATGTAGGACAGAA	T1-CD19pos	0
ACGATGTCAGAGTGTG	T1-CD19pos	2
ACGCAGCGTTCGTCTC	T1-CD19pos	0
ACGTCAAGTACAGACG	T1-CD19pos	1
ACTGAGTTCGTTACGA	T1-CD19pos	0
ACTGATGGTCCTCCAT	T1-CD19pos	0
ACTGCTCCAGCCTTGG	T1-CD19pos	0
ACTTACTCATTCACTT	T1-CD19pos	0
ACTTACTGTATCGCAT	T1-CD19pos	0
ACTTGTTTCAATCTCT	T1-CD19pos	0
AGACGTTGTAGGCATG	T1-CD19pos	2
AGAGCTTTCATCACCC	T1-CD19pos	0
AGATTGCCATCGGGTC	T1-CD19pos	0
AGATTGCGTGCAGGTA	T1-CD19pos	0
AGCAGCCCAGGGAGAG	T1-CD19pos	0
AGCCTAACAAGCTGAG	T1-CD19pos	0
AGGCCACGTCACCCAG	T1-CD19pos	0
AGGGAGTTCTCGCTTG	T1-CD19pos	0
AGGTCATAGTTAAGTG	T1-CD19pos	0
AGGTCCGCATACCATG	T1-CD19pos	2
AGGTCCGTCACTTATC	T1-CD19pos	0
AGTCTTTAGAACAACT	T1-CD19pos	1
AGTGAGGGTCGAACAG	T1-CD19pos	0
AGTGGGAGTGTGACCC	T1-CD19pos	2
AGTGTCAAGGAACTGC	T1-CD19pos	0
AGTGTCAGTCAAAGCG	T1-CD19pos	0
AGTGTCAGTTCCCGAG	T1-CD19pos	0
ATCTGCCTCTTGTCAT	T1-CD19pos	0
ATGAGGGAGTTGAGTA	T1-CD19pos	0
ATGCGATGTTCGGCAC	T1-CD19pos	0
ATGTGTGAGTGACTCT	T1-CD19pos	0
ATGTGTGTCTGCGGCA	T1-CD19pos	5
ATTACTCCAATCCAAC	T1-CD19pos	0
ATTGGTGCACTACAGT	T1-CD19pos	5
ATTGGTGTCACCATAG	T1-CD19pos	2
ATTTCTGCAAGCTGGA	T1-CD19pos	0
CAACCTCTCGCCTGTT	T1-CD19pos	0
CAAGGCCTCCTCTAGC	T1-CD19pos	0
CACAAACAGCTAACTC	T1-CD19pos	0
CACAAACGTGCTGTAT	T1-CD19pos	0
CACACAAAGGTAGCTG	T1-CD19pos	0
CACATAGTCTGAGGGA	T1-CD19pos	1
CACATTTGTTTCGCTC	T1-CD19pos	0
CACCACTAGCGTTCCG	T1-CD19pos	0
CACTCCACAAGGGTCA	T1-CD19pos	0
CAGAATCCAAGTAGTA	T1-CD19pos	0
CAGAATCGTGCACTTA	T1-CD19pos	5
CAGAGAGTCTGTCCGT	T1-CD19pos	0
CAGCAGCGTCTCGTTC	T1-CD19pos	0
CAGCATACACAAGACG	T1-CD19pos	0
CAGCTAAAGTGGAGTC	T1-CD19pos	0
CAGCTGGTCGGATGTT	T1-CD19pos	2
CAGGTGCTCTTCGGTC	T1-CD19pos	0
CATCGGGCAATAGCGG	T1-CD19pos	0
CATGACATCGGCGGTT	T1-CD19pos	0
CATGGCGCACTTGGAT	T1-CD19pos	5
CCAATCCAGTCCTCCT	T1-CD19pos	0
CCAATCCCATCGGGTC	T1-CD19pos	0
CCAATCCGTGGCTCCA	T1-CD19pos	0
CCACTACAGATCCTGT	T1-CD19pos	0
CCAGCGAAGCGATAGC	T1-CD19pos	0
CCAGCGACATCGATTG	T1-CD19pos	2
CCATGTCAGATCGATA	T1-CD19pos	0
CCGTGGACATCGGGTC	T1-CD19pos	0
CCTACCATCCAATGGT	T1-CD19pos	0
CCTACCATCCACGACG	T1-CD19pos	0
CCTATTACAAACAACA	T1-CD19pos	0
CCTTCCCCACCAGCAC	T1-CD19pos	0
CCTTCGACATTCACTT	T1-CD19pos	0
CCTTCGATCGCCCTTA	T1-CD19pos	0
CCTTTCTTCAAACCGT	T1-CD19pos	0
CGAATGTTCAGTTTGG	T1-CD19pos	2
CGACCTTCAGATCTGT	T1-CD19pos	0
CGACCTTTCAGTTCGA	T1-CD19pos	0
CGACTTCAGTGCCAGA	T1-CD19pos	0
CGAGCACGTGGACGAT	T1-CD19pos	0
CGAGCCAAGCTGATAA	T1-CD19pos	2
CGAGCCATCGAATGCT	T1-CD19pos	0
CGATCGGCACAGACTT	T1-CD19pos	0
CGATCGGGTTCAGTAC	T1-CD19pos	0
CGATCGGTCTTATCTG	T1-CD19pos	0
CGATGGCCAGTCACTA	T1-CD19pos	0
CGATTGATCAACACCA	T1-CD19pos	0
CGATTGATCTAGCACA	T1-CD19pos	0
CGCCAAGCAGAAGCAC	T1-CD19pos	0
CGCCAAGTCTTTACGT	T1-CD19pos	0
CGCGGTACACCTTGTC	T1-CD19pos	0
CGCTATCCAACTGGCC	T1-CD19pos	0
CGCTATCTCACAAACC	T1-CD19pos	2
CGCTATCTCAGATAAG	T1-CD19pos	0
CGCTGGAAGGAGCGTT	T1-CD19pos	0
CGGACACTCGCCTGTT	T1-CD19pos	0
CGGAGTCCAGCTGTAT	T1-CD19pos	0
CGGAGTCCATCGGGTC	T1-CD19pos	2
CGGAGTCGTGATAAGT	T1-CD19pos	1
CGGGTCATCGGAAATA	T1-CD19pos	0
CGGTTAATCTCAAACG	T1-CD19pos	0
CGTAGGCCACAACGTT	T1-CD19pos	0
CGTAGGCGTCAGAATA	T1-CD19pos	1
CGTCCATGTCCATCCT	T1-CD19pos	0
CGTGTAACACGGACAA	T1-CD19pos	0
CGTGTCTGTGAGGCTA	T1-CD19pos	0
CTAACTTGTTCAGGCC	T1-CD19pos	0
CTACGTCCAGGACGTA	T1-CD19pos	0
CTAGAGTAGTGAAGAG	T1-CD19pos	0
CTAGAGTCATCTCGCT	T1-CD19pos	0
CTAGAGTGTGTGTGCC	T1-CD19pos	0
CTAGTGAGTAAAGGAG	T1-CD19pos	0
CTCACACTCCTTTACA	T1-CD19pos	0
CTCATTAGTAGCGTGA	T1-CD19pos	0
CTCGAGGAGGACAGCT	T1-CD19pos	0
CTCGAGGCAGTGACAG	T1-CD19pos	0
CTCTACGCAGTCAGCC	T1-CD19pos	0
CTGAAACGTCCCTACT	T1-CD19pos	0
CTGATAGGTAATCGTC	T1-CD19pos	0
CTGCGGAAGTTACGGG	T1-CD19pos	1
CTGCGGACAATGGAGC	T1-CD19pos	0
CTGCGGACAGCCAATT	T1-CD19pos	0
CTGGTCTGTCTCACCT	T1-CD19pos	0
CTGTGCTAGATATGGT	T1-CD19pos	0
CTGTTTACATTATCTC	T1-CD19pos	0
CTTACCGCAGTTCATG	T1-CD19pos	0
CTTACCGCATTCTTAC	T1-CD19pos	0
CTTAGGACAGTAAGAT	T1-CD19pos	0
CTTCTCTCACTAGTAC	T1-CD19pos	0
CTTCTCTGTAAGGGAA	T1-CD19pos	0
CTTGGCTAGGATATAC	T1-CD19pos	0
GAAATGATCCAGAGGA	T1-CD19pos	5
GAACATCTCAATCTCT	T1-CD19pos	5
GAAGCAGGTACGACCC	T1-CD19pos	0
GAATAAGTCCGCTGTT	T1-CD19pos	0
GAATGAATCTTTACGT	T1-CD19pos	0
GACACGCTCACCGTAA	T1-CD19pos	1
GACGGCTGTCGAAAGC	T1-CD19pos	0
GACGTGCCATTTGCCC	T1-CD19pos	0
GACTGCGAGTACGACG	T1-CD19pos	2
GATCGTACATATGAGA	T1-CD19pos	0
GATCTAGTCCCAAGTA	T1-CD19pos	0
GATGCTAAGCCCAGCT	T1-CD19pos	2
GCAATCATCTAACTGG	T1-CD19pos	0
GCATACAAGTGTACCT	T1-CD19pos	0
GCATACAGTCTTGATG	T1-CD19pos	0
GCATGATCAAGTAGTA	T1-CD19pos	1
GCATGCGAGGCCATAG	T1-CD19pos	0
GCGACCATCAGGTAAA	T1-CD19pos	0
GCGACCATCCAGAGGA	T1-CD19pos	0
GCGAGAACATCAGTCA	T1-CD19pos	0
GCGCCAAGTCTCAACA	T1-CD19pos	0
GCGCCAATCCGTCATC	T1-CD19pos	0
GCGGGTTGTCCTCCAT	T1-CD19pos	0
GCTGCGAGTTACCAGT	T1-CD19pos	0
GCTGGGTTCCGTTGTC	T1-CD19pos	0
GGACGTCAGTAGGTGC	T1-CD19pos	0
GGACGTCCAGTACACT	T1-CD19pos	0
GGATGTTTCATCATTC	T1-CD19pos	0
GGATTACAGGCGACAT	T1-CD19pos	0
GGCCGATAGGGTCGAT	T1-CD19pos	0
GGCCGATTCGTCTGAA	T1-CD19pos	0
GGCGACTTCCGAAGAG	T1-CD19pos	0
GGGACCTTCGAATCCA	T1-CD19pos	0
GGGACCTTCGGGAGTA	T1-CD19pos	0
GGGAGATTCTTGCCGT	T1-CD19pos	2
GGGCACTCATCCGGGT	T1-CD19pos	0
GGGCACTGTAAGGGCT	T1-CD19pos	0
GGGTCTGAGCTACCTA	T1-CD19pos	0
GGGTCTGTCACCAGGC	T1-CD19pos	0
GGGTCTGTCTTTACGT	T1-CD19pos	0
GGGTTGCAGGTCGGAT	T1-CD19pos	0
GGTGAAGCAGCCTGTG	T1-CD19pos	0
GTAACGTCAAGCGAGT	T1-CD19pos	0
GTACTCCAGCCCAGCT	T1-CD19pos	1
GTACTCCCAACTGGCC	T1-CD19pos	4
GTAGGCCCAAGTAATG	T1-CD19pos	0
GTATTCTAGCGTCTAT	T1-CD19pos	0
GTATTCTCAAAGGTGC	T1-CD19pos	0
GTCAAGTTCTCGGACG	T1-CD19pos	0
GTCACAACACCGATAT	T1-CD19pos	0
GTCACAACATCGATTG	T1-CD19pos	2
GTCGTAACACTGCCAG	T1-CD19pos	5
GTCGTAAGTGCAGACA	T1-CD19pos	0
GTCGTAAGTTGTCGCG	T1-CD19pos	1
GTGAAGGTCATCGGAT	T1-CD19pos	1
GTGCAGCAGGTGCACA	T1-CD19pos	0
GTGCAGCTCTGGAGCC	T1-CD19pos	0
GTGCGGTGTCTCTCGT	T1-CD19pos	0
GTGTGCGCAAACGTGG	T1-CD19pos	1
GTGTGCGCAAGGACAC	T1-CD19pos	0
GTTAAGCTCACCCGAG	T1-CD19pos	0
GTTAAGCTCTTCAACT	T1-CD19pos	0
GTTCGGGTCTTGAGGT	T1-CD19pos	0
GTTCTCGAGAGTACAT	T1-CD19pos	0
GTTTCTAAGCGTGTCC	T1-CD19pos	0
TAAACCGGTTGTTTGG	T1-CD19pos	0
TACAGTGGTGTTTGGT	T1-CD19pos	0
TACCTATCAAGTACCT	T1-CD19pos	0
TACCTATCATCATCCC	T1-CD19pos	0
TACCTATGTGCGATAG	T1-CD19pos	0
TACTTACAGTCCGGTC	T1-CD19pos	0
TAGTTGGTCGGCGCTA	T1-CD19pos	1
TATGCCCTCGCTGATA	T1-CD19pos	0
TATTACCAGTATGACA	T1-CD19pos	0
TCAATCTTCAGCTTAG	T1-CD19pos	0
TCAGCTCGTGCAGACA	T1-CD19pos	0
TCAGCTCTCGGCTTGG	T1-CD19pos	0
TCAGGTAAGTAGGCCA	T1-CD19pos	0
TCAGGTAGTTCTCATT	T1-CD19pos	0
TCATTACCAAGGCTCC	T1-CD19pos	0
TCCACACCACAGAGGT	T1-CD19pos	1
TCGCGTTAGATAGCAT	T1-CD19pos	0
TCGGGACCATCCGTGG	T1-CD19pos	0
TCGGTAAGTTGCTCCT	T1-CD19pos	0
TCTATTGCATTCTCAT	T1-CD19pos	0
TCTATTGGTTCAGTAC	T1-CD19pos	1
TCTGAGAGTTCGCTAA	T1-CD19pos	0
TCTTCGGGTACCGAGA	T1-CD19pos	0
TCTTTCCAGAGCAATT	T1-CD19pos	0
TGACGGCTCATGCATG	T1-CD19pos	1
TGAGGGATCGACGGAA	T1-CD19pos	0
TGCACCTGTCTAGTGT	T1-CD19pos	0
TGCCCATAGACACTAA	T1-CD19pos	0
TGCCCTAGTTAAGACA	T1-CD19pos	0
TGCGGGTAGCGGCTTC	T1-CD19pos	0
TGCGGGTTCTTCAACT	T1-CD19pos	1
TGCTACCCAAGTTGTC	T1-CD19pos	0
TGCTACCTCAGGTAAA	T1-CD19pos	0
TGGGAAGGTCCAGTGC	T1-CD19pos	0
TGGGCGTGTAGCACGA	T1-CD19pos	0
TGTATTCAGGCCCTCA	T1-CD19pos	0
TGTGGTAGTCTCTTAT	T1-CD19pos	0
TTAGTTCCACAGACTT	T1-CD19pos	0
TTCGGTCTCCAAACTG	T1-CD19pos	0
TTCTCAAAGTGTTAGA	T1-CD19pos	0
TTCTCCTAGCTAAGAT	T1-CD19pos	0
TTCTCCTAGTGCGTGA	T1-CD19pos	0
TTCTCCTTCGTGTAGT	T1-CD19pos	0
TTCTTAGTCGACCAGC	T1-CD19pos	0
TTGACTTCACCTTGTC	T1-CD19pos	0
TTGACTTGTTGTACAC	T1-CD19pos	0
TTGCCGTGTAAACACA	T1-CD19pos	0
TTGGAACCAATGTAAG	T1-CD19pos	0
TTGGAACTCCTTGGTC	T1-CD19pos	0
TTTACTGCATCACGTA	T1-CD19pos	0
TTTGTCATCCAGTATG	T1-CD19pos	0
TTTGTCATCCCTCTTT	T1-CD19pos	0
ACACCCTTCAGCGATT	T2-CD19neg	2
AGGTCCGTCAACACAC	T2-CD19neg	2
CACATAGAGCGCCTCA	T2-CD19neg	1
CCCTCCTAGGCTAGGT	T2-CD19neg	1
GGTGTTAAGGTGTGGT	T2-CD19neg	1
GTCGGGTAGGACAGCT	T2-CD19neg	1
TTTACTGTCGTTGACA	T2-CD19neg	1
AAACGGGCAGCGTAAG	T2-CD19pos	3
AAACGGGGTTCATGGT	T2-CD19pos	3
AACCGCGAGTGCGTGA	T2-CD19pos	1
AAGGCAGGTGGGTCAA	T2-CD19pos	2
AAGGCAGGTTAAGGGC	T2-CD19pos	3
AATCCAGAGTGGAGAA	T2-CD19pos	3
ACACTGAAGTGAAGTT	T2-CD19pos	1
ACACTGACACGAGGTA	T2-CD19pos	3
ACAGCCGCAGGTCTCG	T2-CD19pos	3
ACAGCTAGTCTAAACC	T2-CD19pos	3
ACATCAGAGGCCCTCA	T2-CD19pos	3
ACATCAGGTGGTACAG	T2-CD19pos	3
ACATGGTCAGGTCGTC	T2-CD19pos	3
ACCAGTAGTGCAGGTA	T2-CD19pos	3
ACCGTAAAGGGAACGG	T2-CD19pos	5
ACGATGTGTCGCGGTT	T2-CD19pos	3
ACGCCAGGTGTGAAAT	T2-CD19pos	3
ACGCCGAGTTGATTGC	T2-CD19pos	3
ACGGGTCCAAGAAAGG	T2-CD19pos	3
ACTGATGAGTTGTCGT	T2-CD19pos	4
ACTGATGCAACGATGG	T2-CD19pos	5
ACTTGTTAGAGTACCG	T2-CD19pos	3
ACTTGTTCAAAGTGCG	T2-CD19pos	0
AGAATAGAGGATGCGT	T2-CD19pos	3
AGAATAGGTTGACGTT	T2-CD19pos	3
AGAGTGGCATAAAGGT	T2-CD19pos	2
AGATTGCGTTGGGACA	T2-CD19pos	4
AGCAGCCAGGCTAGCA	T2-CD19pos	3
AGCGGTCCAAGTAATG	T2-CD19pos	3
AGCGGTCGTTACGCGC	T2-CD19pos	1
AGCTCCTCATCCCATC	T2-CD19pos	3
AGCTCCTGTTGATTCG	T2-CD19pos	3
AGGGAGTGTCTAAAGA	T2-CD19pos	3
AGGGATGAGGACCACA	T2-CD19pos	4
AGGGATGTCACGCGGT	T2-CD19pos	2
AGTAGTCGTTCGCTAA	T2-CD19pos	3
AGTGAGGTCAGGATCT	T2-CD19pos	2
AGTGGGAAGATGTAAC	T2-CD19pos	2
AGTGTCAAGTCCCACG	T2-CD19pos	3
ATAGACCTCAGTACGT	T2-CD19pos	3
ATCATCTCAGTCAGAG	T2-CD19pos	0
ATGAGGGGTCGTTGTA	T2-CD19pos	3
ATGAGGGTCTCCAACC	T2-CD19pos	3
ATTGGACTCAATAAGG	T2-CD19pos	3
ATTTCTGCAATGCCAT	T2-CD19pos	5
CAACCAATCGTTGACA	T2-CD19pos	5
CAACCTCCAATGAAAC	T2-CD19pos	0
CACATAGGTTCGGCAC	T2-CD19pos	0
CACATTTCACTCTGTC	T2-CD19pos	0
CACCACTCAAATACAG	T2-CD19pos	3
CAGAGAGCAACACCTA	T2-CD19pos	2
CAGCGACCAAGTTCTG	T2-CD19pos	3
CAGGTGCGTGTTGAGG	T2-CD19pos	3
CATATGGCAGTGGGAT	T2-CD19pos	3
CATGCCTGTTAGTGGG	T2-CD19pos	3
CATGGCGAGATCGGGT	T2-CD19pos	4
CATTCGCAGACAGAGA	T2-CD19pos	3
CATTCGCCAATGGAAT	T2-CD19pos	3
CCAATCCTCGCCAAAT	T2-CD19pos	3
CCACGGAGTACTTCTT	T2-CD19pos	3
CCACTACAGGGTGTTG	T2-CD19pos	2
CCACTACAGTTAGCGG	T2-CD19pos	2
CCCAGTTGTGGACGAT	T2-CD19pos	1
CGAATGTAGGCATGGT	T2-CD19pos	3
CGAATGTCAATAAGCA	T2-CD19pos	3
CGAGAAGCAGCCTTGG	T2-CD19pos	3
CGATGTAGTCGCTTTC	T2-CD19pos	3
CGATGTATCAGGCCCA	T2-CD19pos	3
CGCGGTAAGTACATGA	T2-CD19pos	3
CGCGTTTTCCAAACAC	T2-CD19pos	3
CGCGTTTTCCGTCAAA	T2-CD19pos	3
CGCTGGACATTACGAC	T2-CD19pos	5
CGGAGCTAGATCCCAT	T2-CD19pos	3
CGGAGTCCATACGCTA	T2-CD19pos	3
CGTAGGCTCAAGAAGT	T2-CD19pos	3
CGTCCATAGATATGCA	T2-CD19pos	3
CGTCTACGTTACTGAC	T2-CD19pos	2
CTAACTTTCAACGGCC	T2-CD19pos	3
CTGCGGAGTATATGAG	T2-CD19pos	3
CTGTTTACACATTTCT	T2-CD19pos	3
CTTAACTGTCGGCATC	T2-CD19pos	5
CTTGGCTAGAAGGGTA	T2-CD19pos	3
GAAATGAAGCCGCCTA	T2-CD19pos	3
GACCTGGAGACTGTAA	T2-CD19pos	5
GACGCGTCATGGGAAC	T2-CD19pos	3
GACGTTACAGGGATTG	T2-CD19pos	3
GAGTCCGGTGTGACGA	T2-CD19pos	0
GATCAGTGTACTTAGC	T2-CD19pos	3
GATCGATGTACTTCTT	T2-CD19pos	3
GCAAACTCACCAGATT	T2-CD19pos	3
GCAAACTGTTCAGACT	T2-CD19pos	3
GCAAACTTCTCGAGTA	T2-CD19pos	3
GCACATAAGAGTACAT	T2-CD19pos	3
GCACATATCCACGTTC	T2-CD19pos	0
GCACTCTAGATACACA	T2-CD19pos	3
GCACTCTCAGGTGGAT	T2-CD19pos	3
GCATGATAGTCGTTTG	T2-CD19pos	3
GCATGATCAAGTAATG	T2-CD19pos	3
GCATGATCACAGGTTT	T2-CD19pos	3
GCCAAATAGCGTTTAC	T2-CD19pos	3
GCCTCTATCGTTACGA	T2-CD19pos	3
GCGCCAAGTGAGGGTT	T2-CD19pos	3
GCGCGATTCTCTAAGG	T2-CD19pos	3
GCTCTGTAGGGCACTA	T2-CD19pos	4
GCTGCGAAGTTACGGG	T2-CD19pos	3
GCTGCGACAATCCAAC	T2-CD19pos	3
GGACAAGCACGAGAGT	T2-CD19pos	3
GGCAATTGTTATTCTC	T2-CD19pos	3
GGGATGAGTCTGCAAT	T2-CD19pos	3
GGGCACTAGACGCACA	T2-CD19pos	3
GGGTCTGAGTTAAGTG	T2-CD19pos	3
GGTGTTATCCTCTAGC	T2-CD19pos	3
GTAACTGTCAACTCTT	T2-CD19pos	3
GTACTCCTCCAGGGCT	T2-CD19pos	3
GTACTTTTCCGGCACA	T2-CD19pos	2
GTACTTTTCTTAACCT	T2-CD19pos	3
GTAGGCCTCTCAACTT	T2-CD19pos	3
GTCAAGTGTCCGAATT	T2-CD19pos	3
GTCACGGAGACAGGCT	T2-CD19pos	3
GTCCTCAGTTACGACT	T2-CD19pos	2
GTCCTCATCATTGCCC	T2-CD19pos	3
GTCGTAAAGTACACCT	T2-CD19pos	3
GTCTTCGGTAAGCACG	T2-CD19pos	0
GTTAAGCTCACGCATA	T2-CD19pos	3
GTTACAGAGCCGATTT	T2-CD19pos	3
GTTTCTACAAGCGAGT	T2-CD19pos	2
GTTTCTATCATGGTCA	T2-CD19pos	3
TAAGTGCGTTCAGCGC	T2-CD19pos	2
TACCTATTCAACGGGA	T2-CD19pos	3
TACGGATTCACTTACT	T2-CD19pos	2
TACGGTATCCTCATTA	T2-CD19pos	3
TACTCATAGAGGTTGC	T2-CD19pos	3
TACTCATAGCTGCGAA	T2-CD19pos	3
TACTCGCCAAAGCAAT	T2-CD19pos	3
TAGTGGTGTCATATGC	T2-CD19pos	3
TATCTCAGTTAAGTAG	T2-CD19pos	3
TCACAAGAGAGTAATC	T2-CD19pos	0
TCACGAATCCTTTCTC	T2-CD19pos	3
TCAGATGAGCAGATCG	T2-CD19pos	3
TCAGATGTCTGTCAAG	T2-CD19pos	0
TCAGCAAGTTCGGCAC	T2-CD19pos	3
TCAGGTACATCTCCCA	T2-CD19pos	1
TCAGGTAGTCAGAGGT	T2-CD19pos	3
TCATTTGTCGACGGAA	T2-CD19pos	3
TCGCGTTAGACTAGGC	T2-CD19pos	3
TCGTACCGTGTGCCTG	T2-CD19pos	3
TCGTACCGTTCGTGAT	T2-CD19pos	3
TCTCTAAAGCGTAGTG	T2-CD19pos	3
TGACTAGTCTACCTGC	T2-CD19pos	1
TGAGCCGGTCATCGGC	T2-CD19pos	3
TGATTTCGTAATCGTC	T2-CD19pos	3
TGCCAAACACGGCCAT	T2-CD19pos	3
TGCCCATGTCTAACGT	T2-CD19pos	3
TGCGGGTGTAGCAAAT	T2-CD19pos	3
TGGGAAGCAATAGAGT	T2-CD19pos	3
TGGGCGTCACGTCTCT	T2-CD19pos	3
TGGTTAGAGATCTGCT	T2-CD19pos	3
TGGTTCCAGTAGCGGT	T2-CD19pos	1
TGTCCCACACCCTATC	T2-CD19pos	1
TTAGGCACACTTACGA	T2-CD19pos	2
TTAGTTCAGAATGTGT	T2-CD19pos	3
TTATGCTTCTGGTATG	T2-CD19pos	3
TTCTCAACACGGCGTT	T2-CD19pos	3
TTCTTAGTCGTCCAGG	T2-CD19pos	3
TTTACTGAGCCGATTT	T2-CD19pos	3
TTTACTGCAATGGTCT	T2-CD19pos	3
TTTGCGCAGTGGCACA	T2-CD19pos	3
TTTGCGCTCCCAAGTA	T2-CD19pos	3
CACACAATCAGCTCGG	T1-CD19neg	5
CACCAGGGTTCAGCGC	T1-CD19neg	2
CCGTACTTCCGCGCAA	T1-CD19neg	2
GCATGATGTCTGCAAT	T1-CD19neg	2
TCTCATAGTTGGAGGT	T1-CD19neg	2
AAAGATGGTTGTGGAG	T1-CD19pos	0
GCAATCACAAGACGTG	T1-CD19pos	0
GCTCTGTTCATCACCC	T1-CD19pos	0
GTGCATAGTTTCCACC	T1-CD19pos	0
AAACCTGAGTGAACGC	T2-CD19pos	3
AAATGCCAGATGCCTT	T2-CD19pos	3
ACGCCAGCATGTCTCC	T2-CD19pos	0
ACGGAGACACCTCGGA	T2-CD19pos	2
AGACGTTAGCAGATCG	T2-CD19pos	4
AGAGCGATCCACGCAG	T2-CD19pos	0
ATTGGACGTCAGGACA	T2-CD19pos	2
CAGAGAGGTATTCGTG	T2-CD19pos	5
CAGCATAGTCAACATC	T2-CD19pos	2
CAGCATAGTGGCAAAC	T2-CD19pos	0
CAGCTGGCAGTACACT	T2-CD19pos	2
CAGGTGCTCCTAAGTG	T2-CD19pos	2
CATCCACTCGACCAGC	T2-CD19pos	3
CGGCTAGGTTAGTGGG	T2-CD19pos	0
CTGCCTATCCAAAGTC	T2-CD19pos	3
GCAAACTCAGGAATGC	T2-CD19pos	2
GCCTCTAAGCCCAGCT	T2-CD19pos	3
GCGCAGTCAAAGCAAT	T2-CD19pos	2
GGACAGAGTCTGATCA	T2-CD19pos	2
GTGGGTCTCACAACGT	T2-CD19pos	5
TCGGTAAGTATGAAAC	T2-CD19pos	2
TCTTTCCGTAAGTGGC	T2-CD19pos	3
TTCTACATCGTGGGAA	T2-CD19pos	2
AAACGGGCAATGAATG	T1-CD19pos	0
AAACGGGTCGCACTCT	T1-CD19pos	0
AAAGATGCAAGCCGTC	T1-CD19pos	0
AAAGATGCAGAGTGTG	T1-CD19pos	5
AAAGATGGTTTAGCTG	T1-CD19pos	1
AAAGCAACAACCGCCA	T1-CD19pos	0
AAAGCAAGTCTTCTCG	T1-CD19pos	0
AAAGCAATCATTTGGG	T1-CD19pos	0
AAAGTAGTCCCTCAGT	T1-CD19pos	0
AAATGCCCACGCCAGT	T1-CD19pos	0
AACACGTGTCAGCTAT	T1-CD19pos	0
AACCATGCAGATAATG	T1-CD19pos	0
AACCATGGTAGTGAAT	T1-CD19pos	0
AACCGCGAGATCCTGT	T1-CD19pos	0
AACTCAGTCTGCTGCT	T1-CD19pos	0
AACTGGTAGCTGCCCA	T1-CD19pos	1
AACTTTCAGTACGTTC	T1-CD19pos	0
AACTTTCGTTCCGGCA	T1-CD19pos	0
AACTTTCTCGCGGATC	T1-CD19pos	0
AAGACCTAGATGGCGT	T1-CD19pos	0
AAGACCTAGGCTAGGT	T1-CD19pos	5
AAGCCGCGTATAGTAG	T1-CD19pos	1
AAGCCGCTCGGAGGTA	T1-CD19pos	0
AAGGCAGAGAGAACAG	T1-CD19pos	0
AAGGCAGCACCACCAG	T1-CD19pos	0
AAGGCAGGTATCACCA	T1-CD19pos	0
AAGGTTCAGATCGGGT	T1-CD19pos	0
AAGTCTGCAACGCACC	T1-CD19pos	0
AAGTCTGCACATGGGA	T1-CD19pos	0
AATCGGTAGGAGTACC	T1-CD19pos	0
AATCGGTGTTGGAGGT	T1-CD19pos	0
AATCGGTTCAGAGACG	T1-CD19pos	0
ACACCAAAGACAGGCT	T1-CD19pos	1
ACACCAAAGTGTCTCA	T1-CD19pos	0
ACACCAACAGCCTTTC	T1-CD19pos	0
ACACCCTTCAGTCAGT	T1-CD19pos	0
ACACCGGAGACTCGGA	T1-CD19pos	5
ACACCGGTCATCTGCC	T1-CD19pos	0
ACACCGGTCTAGAGTC	T1-CD19pos	1
ACACTGAAGGGCATGT	T1-CD19pos	0
ACAGCCGAGTACATGA	T1-CD19pos	0
ACAGCCGTCCATGAAC	T1-CD19pos	0
ACAGCTATCAAGATCC	T1-CD19pos	0
ACAGCTATCCGTCAAA	T1-CD19pos	0
ACATACGCAGGACCCT	T1-CD19pos	1
ACATACGTCCCTCAGT	T1-CD19pos	0
ACATACGTCGGCGCAT	T1-CD19pos	1
ACATCAGAGCTTATCG	T1-CD19pos	0
ACATCAGCACACAGAG	T1-CD19pos	0
ACATGGTTCACCGTAA	T1-CD19pos	0
ACATGGTTCGGCCGAT	T1-CD19pos	0
ACCCACTAGCGCTCCA	T1-CD19pos	0
ACCCACTTCACTATTC	T1-CD19pos	0
ACCCACTTCCAGGGCT	T1-CD19pos	0
ACCGTAACACCAGGCT	T1-CD19pos	0
ACCTTTAAGGAGTAGA	T1-CD19pos	1
ACCTTTAAGTACACCT	T1-CD19pos	0
ACGAGCCCAATGTTGC	T1-CD19pos	0
ACGAGGAGTGATGATA	T1-CD19pos	0
ACGATACCAATGGATA	T1-CD19pos	0
ACGATACCAGTCGATT	T1-CD19pos	0
ACGATACTCACTGGGC	T1-CD19pos	0
ACGATGTAGATCTGAA	T1-CD19pos	0
ACGATGTAGTGGGATC	T1-CD19pos	0
ACGATGTTCAAAGACA	T1-CD19pos	0
ACGCAGCTCGCACTCT	T1-CD19pos	0
ACGCAGCTCGGAATCT	T1-CD19pos	0
ACGCCAGAGGGAAACA	T1-CD19pos	0
ACGCCGATCAAGAAGT	T1-CD19pos	0
ACGGAGACATCCAACA	T1-CD19pos	0
ACGGCCAAGCTAGTCT	T1-CD19pos	0
ACGGCCAGTTGAACTC	T1-CD19pos	0
ACGGGCTGTACGAAAT	T1-CD19pos	0
ACGGGCTTCTCACATT	T1-CD19pos	0
ACGGGTCCAAGCGCTC	T1-CD19pos	0
ACGGGTCTCAGCTTAG	T1-CD19pos	0
ACGTCAATCAACACCA	T1-CD19pos	0
ACGTCAATCGATAGAA	T1-CD19pos	0
ACTATCTTCCATGCTC	T1-CD19pos	0
ACTATCTTCGACAGCC	T1-CD19pos	0
ACTATCTTCTAACGGT	T1-CD19pos	0
ACTGAACTCGCACTCT	T1-CD19pos	0
ACTGAGTAGCCAGTAG	T1-CD19pos	0
ACTGAGTAGTACCGGA	T1-CD19pos	0
ACTGAGTCACACTGCG	T1-CD19pos	0
ACTGAGTCACCAGTTA	T1-CD19pos	0
ACTGAGTGTTTCCACC	T1-CD19pos	0
ACTGATGAGACAAAGG	T1-CD19pos	0
ACTGATGCAAAGGTGC	T1-CD19pos	0
ACTGATGGTTTCGCTC	T1-CD19pos	0
ACTGATGTCAGGATCT	T1-CD19pos	0
ACTTACTAGAAAGTGG	T1-CD19pos	0
ACTTACTCACGTCAGC	T1-CD19pos	0
ACTTACTCAGACGCCT	T1-CD19pos	1
ACTTTCAAGACACGAC	T1-CD19pos	1
ACTTTCACAAGAAAGG	T1-CD19pos	0
ACTTTCAGTCAGAAGC	T1-CD19pos	0
ACTTTCATCAGAGACG	T1-CD19pos	0
AGAATAGAGTTAACGA	T1-CD19pos	0
AGAATAGTCTACGAGT	T1-CD19pos	0
AGACGTTTCGCAAACT	T1-CD19pos	0
AGACGTTTCTACTTAC	T1-CD19pos	0
AGACGTTTCTTGAGGT	T1-CD19pos	0
AGAGCGAAGGTGCTAG	T1-CD19pos	0
AGAGCGACACCGATAT	T1-CD19pos	0
AGAGCGAGTAAGGGAA	T1-CD19pos	0
AGAGTGGAGTGTGGCA	T1-CD19pos	0
AGAGTGGGTACGAAAT	T1-CD19pos	0
AGATCTGGTCTCTTTA	T1-CD19pos	0
AGATTGCAGATCACGG	T1-CD19pos	0
AGATTGCCAGGTCCAC	T1-CD19pos	0
AGATTGCCATTCCTGC	T1-CD19pos	0
AGATTGCGTGCCTGTG	T1-CD19pos	0
AGATTGCTCCGCATCT	T1-CD19pos	0
AGCAGCCAGGCAGTCA	T1-CD19pos	0
AGCAGCCAGTACGCGA	T1-CD19pos	0
AGCAGCCTCACCACCT	T1-CD19pos	0
AGCATACGTTCATGGT	T1-CD19pos	0
AGCCTAAGTCTAGGTT	T1-CD19pos	0
AGCGGTCGTCTCACCT	T1-CD19pos	0
AGCGTATCACAAGACG	T1-CD19pos	0
AGCGTATGTATAGGTA	T1-CD19pos	0
AGCGTCGGTATCGCAT	T1-CD19pos	0
AGCTCCTAGATGTAAC	T1-CD19pos	0
AGCTCTCAGTAACCCT	T1-CD19pos	0
AGCTCTCCACATCTTT	T1-CD19pos	0
AGCTTGACAGGGTATG	T1-CD19pos	0
AGCTTGAGTCTTCGTC	T1-CD19pos	0
AGGCCACAGAGTTGGC	T1-CD19pos	0
AGGCCACGTTCTCATT	T1-CD19pos	0
AGGCCGTAGGCTATCT	T1-CD19pos	0
AGGCCGTCAAGAAAGG	T1-CD19pos	0
AGGCCGTTCGCATGAT	T1-CD19pos	0
AGGGAGTCACCGAATT	T1-CD19pos	0
AGGGAGTGTTACAGAA	T1-CD19pos	0
AGGGAGTGTTTGCATG	T1-CD19pos	5
AGGGAGTTCGTGGACC	T1-CD19pos	0
AGGGATGCACTCAGGC	T1-CD19pos	0
AGGGATGCAGGTCTCG	T1-CD19pos	0
AGGGATGCATAAAGGT	T1-CD19pos	0
AGGTCCGCAAGGTTTC	T1-CD19pos	0
AGGTCCGTCGGTCTAA	T1-CD19pos	0
AGTAGTCAGAAAGTGG	T1-CD19pos	0
AGTAGTCAGTGTACTC	T1-CD19pos	0
AGTAGTCTCCAAATGC	T1-CD19pos	0
AGTGAGGAGAAGGTGA	T1-CD19pos	0
AGTGAGGCATAAGACA	T1-CD19pos	0
AGTGAGGGTAAACGCG	T1-CD19pos	0
AGTGGGACACCTATCC	T1-CD19pos	0
AGTGGGATCACCGGGT	T1-CD19pos	0
AGTGGGATCTGCTGCT	T1-CD19pos	0
AGTGTCAAGCCTTGAT	T1-CD19pos	0
AGTGTCAGTACTCTCC	T1-CD19pos	0
AGTGTCAGTTCGTTGA	T1-CD19pos	0
AGTGTCATCGAGCCCA	T1-CD19pos	0
AGTTGGTCAGGGATTG	T1-CD19pos	0
AGTTGGTTCTGAGGGA	T1-CD19pos	0
ATAACGCCAAACGCGA	T1-CD19pos	0
ATAACGCTCATTATCC	T1-CD19pos	0
ATAGACCCAAGGCTCC	T1-CD19pos	0
ATAGACCTCTCCTATA	T1-CD19pos	0
ATCACGAGTCTCTCTG	T1-CD19pos	0
ATCATCTAGGATGTAT	T1-CD19pos	0
ATCATGGCAGTAACGG	T1-CD19pos	0
ATCCACCAGGGTCGAT	T1-CD19pos	0
ATCCACCGTTTGTGTG	T1-CD19pos	0
ATCCGAATCTCCAACC	T1-CD19pos	0
ATCTACTGTAAGGGAA	T1-CD19pos	0
ATCTACTGTTCGAATC	T1-CD19pos	0
ATCTACTTCCTCTAGC	T1-CD19pos	0
ATCTGCCAGTGTCCAT	T1-CD19pos	1
ATCTGCCCAGCCTGTG	T1-CD19pos	0
ATGAGGGCAGCTGTAT	T1-CD19pos	0
ATGCGATGTTACCGAT	T1-CD19pos	0
ATGGGAGAGAAACCAT	T1-CD19pos	0
ATGGGAGCATGCAACT	T1-CD19pos	0
ATGGGAGGTTCGCGAC	T1-CD19pos	0
ATGTGTGCACGAGGTA	T1-CD19pos	0
ATGTGTGGTACTCTCC	T1-CD19pos	0
ATGTGTGTCGTGACAT	T1-CD19pos	0
ATGTGTGTCTAGAGTC	T1-CD19pos	0
ATTACTCCAGCCTTGG	T1-CD19pos	1
ATTATCCAGCTAGGCA	T1-CD19pos	0
ATTATCCAGTGTCCAT	T1-CD19pos	0
ATTATCCCACGCGAAA	T1-CD19pos	0
ATTATCCTCCTTCAAT	T1-CD19pos	0
ATTATCCTCTTCGGTC	T1-CD19pos	0
ATTCTACAGCGAAGGG	T1-CD19pos	0
ATTCTACCACGGCCAT	T1-CD19pos	0
ATTGGACCAAACGCGA	T1-CD19pos	0
ATTGGTGCAGTCAGAG	T1-CD19pos	0
ATTTCTGCACAGACAG	T1-CD19pos	1
ATTTCTGTCAGGATCT	T1-CD19pos	0
CAACCTCAGGTCGGAT	T1-CD19pos	0
CAACCTCCAGGCAGTA	T1-CD19pos	0
CAACCTCTCCACGTTC	T1-CD19pos	0
CAACTAGAGCGGCTTC	T1-CD19pos	0
CAACTAGCACGGACAA	T1-CD19pos	0
CAACTAGCACTATCTT	T1-CD19pos	0
CAAGAAAAGTGACATA	T1-CD19pos	0
CAAGAAACAATGTTGC	T1-CD19pos	1
CAAGAAACACATTTCT	T1-CD19pos	0
CAAGAAAGTAGCGTGA	T1-CD19pos	0
CAAGAAAGTATAGGTA	T1-CD19pos	0
CAAGAAATCAATCTCT	T1-CD19pos	0
CAAGAAATCCGTAGTA	T1-CD19pos	0
CAAGATCGTCTGATCA	T1-CD19pos	0
CAAGGCCTCTCCAGGG	T1-CD19pos	0
CAAGTTGAGAGGACGG	T1-CD19pos	0
CAAGTTGAGCGATATA	T1-CD19pos	0
CAAGTTGCACCGAATT	T1-CD19pos	0
CACAAACCACCACGTG	T1-CD19pos	0
CACACCTGTACAAGTA	T1-CD19pos	1
CACACCTGTTTGACAC	T1-CD19pos	0
CACACTCTCTATCCCG	T1-CD19pos	0
CACAGGCAGAGTCGGT	T1-CD19pos	0
CACAGGCGTTCAGGCC	T1-CD19pos	0
CACAGTAGTACCGTTA	T1-CD19pos	0
CACAGTAGTAGTACCT	T1-CD19pos	0
CACAGTATCTTGGGTA	T1-CD19pos	0
CACATAGAGAGTAATC	T1-CD19pos	0
CACATAGAGGAGTTGC	T1-CD19pos	1
CACATAGGTGAAGGCT	T1-CD19pos	0
CACCACTAGTCATGCT	T1-CD19pos	0
CACCACTGTAGCTCCG	T1-CD19pos	0
CACCACTTCCTTGACC	T1-CD19pos	0
CACCACTTCTCAAGTG	T1-CD19pos	0
CACCACTTCTTAGAGC	T1-CD19pos	0
CACCAGGCACAGACAG	T1-CD19pos	0
CACCTTGCAAGAGTCG	T1-CD19pos	0
CACCTTGGTATAGGGC	T1-CD19pos	0
CACCTTGTCTCAAGTG	T1-CD19pos	0
CACTCCAGTGGCGAAT	T1-CD19pos	0
CAGAATCAGTTCGCAT	T1-CD19pos	1
CAGAATCCAATGCCAT	T1-CD19pos	0
CAGAGAGTCTCTAAGG	T1-CD19pos	0
CAGATCAAGCCACTAT	T1-CD19pos	0
CAGATCACAACACCTA	T1-CD19pos	2
CAGATCACATCCCATC	T1-CD19pos	0
CAGATCATCTGAGGGA	T1-CD19pos	0
CAGCAGCAGACAGAGA	T1-CD19pos	0
CAGCAGCAGATCGGGT	T1-CD19pos	0
CAGCAGCGTCAGAGGT	T1-CD19pos	0
CAGCCGAAGGGATGGG	T1-CD19pos	1
CAGCCGAAGTATCGAA	T1-CD19pos	0
CAGCGACTCCGCTGTT	T1-CD19pos	0
CAGCTAAAGGTGATTA	T1-CD19pos	1
CAGCTAACAAGTTAAG	T1-CD19pos	0
CAGCTAACACTTGGAT	T1-CD19pos	0
CAGCTGGAGGTACTCT	T1-CD19pos	0
CAGCTGGTCACCAGGC	T1-CD19pos	0
CAGGTGCTCACCCTCA	T1-CD19pos	1
CAGGTGCTCCAATGGT	T1-CD19pos	0
CAGTAACAGTAGTGCG	T1-CD19pos	0
CATATGGAGAGGGATA	T1-CD19pos	1
CATATTCTCCACTGGG	T1-CD19pos	0
CATATTCTCTCTGTCG	T1-CD19pos	0
CATCAAGAGATAGCAT	T1-CD19pos	0
CATCAAGGTTCAGGCC	T1-CD19pos	0
CATCAAGGTTTGACAC	T1-CD19pos	0
CATCAAGTCTCTGTCG	T1-CD19pos	0
CATCAGAAGGTCATCT	T1-CD19pos	0
CATCAGAAGTCCATAC	T1-CD19pos	0
CATCAGAGTGGAAAGA	T1-CD19pos	0
CATCAGAGTTGTACAC	T1-CD19pos	0
CATCAGATCACCTCGT	T1-CD19pos	0
CATCCACGTGGCAAAC	T1-CD19pos	0
CATCCACTCAGCGACC	T1-CD19pos	0
CATCGAAGTGATGATA	T1-CD19pos	0
CATGACAGTACAAGTA	T1-CD19pos	0
CATGACAGTTAAGAAC	T1-CD19pos	2
CATGACATCATGTAGC	T1-CD19pos	0
CATGACATCTTGCATT	T1-CD19pos	1
CATGCCTTCAATACCG	T1-CD19pos	0
CATGGCGCAGCTATTG	T1-CD19pos	0
CATTATCCACATTAGC	T1-CD19pos	0
CATTATCGTTCAACCA	T1-CD19pos	0
CATTCGCGTAGTAGTA	T1-CD19pos	0
CATTCGCTCCTGCTTG	T1-CD19pos	0
CATTCGCTCTCTGTCG	T1-CD19pos	0
CCAATCCCAATCGAAA	T1-CD19pos	0
CCAATCCGTGTGACCC	T1-CD19pos	0
CCAATCCTCCGTACAA	T1-CD19pos	0
CCAATCCTCTCGTTTA	T1-CD19pos	0
CCACCTAAGAACTCGG	T1-CD19pos	0
CCACCTACACTTGGAT	T1-CD19pos	0
CCACCTACATAACCTG	T1-CD19pos	0
CCACTACTCCTAGAAC	T1-CD19pos	0
CCAGCGAAGAGGGATA	T1-CD19pos	0
CCAGCGACAGGACGTA	T1-CD19pos	0
CCAGCGACATGAGCGA	T1-CD19pos	0
CCAGCGAGTTACGACT	T1-CD19pos	0
CCAGCGATCACTTACT	T1-CD19pos	1
CCAGCGATCCTCCTAG	T1-CD19pos	0
CCAGCGATCTTCTGGC	T1-CD19pos	1
CCATGTCCACTAGTAC	T1-CD19pos	0
CCATGTCTCGGCGGTT	T1-CD19pos	0
CCATTCGCATGAACCT	T1-CD19pos	0
CCATTCGTCAACTCTT	T1-CD19pos	0
CCATTCGTCCCAACGG	T1-CD19pos	1
CCCAATCAGCACCGCT	T1-CD19pos	0
CCCAATCTCTTCCTTC	T1-CD19pos	0
CCCAGTTGTCGAGATG	T1-CD19pos	1
CCCAGTTGTGTCCTCT	T1-CD19pos	0
CCCAGTTTCGCCAGCA	T1-CD19pos	1
CCCAGTTTCTCTTATG	T1-CD19pos	0
CCCTCCTGTCAATGTC	T1-CD19pos	0
CCGGTAGGTTAAGATG	T1-CD19pos	0
CCGTACTCACCGTTGG	T1-CD19pos	0
CCGTGGAGTATATGGA	T1-CD19pos	0
CCGTGGAGTGTTCGAT	T1-CD19pos	0
CCGTGGATCGTTACAG	T1-CD19pos	0
CCTACACTCCTCAATT	T1-CD19pos	0
CCTACCATCTGTCTCG	T1-CD19pos	0
CCTATTATCACCTCGT	T1-CD19pos	0
CCTCAGTTCATCTGTT	T1-CD19pos	0
CCTCAGTTCCACGTTC	T1-CD19pos	0
CCTCTGACAAGTCTAC	T1-CD19pos	0
CCTCTGACAATCGGTT	T1-CD19pos	0
CCTCTGACATGCAATC	T1-CD19pos	0
CCTCTGAGTTAAAGAC	T1-CD19pos	0
CCTCTGATCCTTGCCA	T1-CD19pos	0
CCTTACGCACTTAACG	T1-CD19pos	1
CCTTACGCAGTCCTTC	T1-CD19pos	0
CCTTCGACAGGTGGAT	T1-CD19pos	0
CCTTCGAGTGGACGAT	T1-CD19pos	0
CCTTTCTGTCATTAGC	T1-CD19pos	0
CCTTTCTTCCGCTGTT	T1-CD19pos	0
CCTTTCTTCTTCGAGA	T1-CD19pos	0
CGAACATAGACTACAA	T1-CD19pos	0
CGACCTTCAGACTCGC	T1-CD19pos	0
CGACCTTTCCGTTGCT	T1-CD19pos	0
CGACTTCAGCACCGTC	T1-CD19pos	0
CGACTTCCACCGATAT	T1-CD19pos	0
CGACTTCTCGCATGAT	T1-CD19pos	0
CGAGAAGGTACGAAAT	T1-CD19pos	0
CGAGAAGGTCAGATAA	T1-CD19pos	1
CGAGCCAGTCCGAATT	T1-CD19pos	0
CGAGCCAGTGTTGGGA	T1-CD19pos	0
CGATCGGGTTTGTTTC	T1-CD19pos	0
CGATGGCGTTGTCGCG	T1-CD19pos	0
CGATGTATCAACGAAA	T1-CD19pos	0
CGATTGAAGCTAAACA	T1-CD19pos	0
CGATTGACACTTACGA	T1-CD19pos	0
CGATTGAGTTACCGAT	T1-CD19pos	0
CGATTGATCTTACCGC	T1-CD19pos	0
CGCCAAGAGGGATGGG	T1-CD19pos	0
CGCCAAGCAGTGACAG	T1-CD19pos	0
CGCGTTTAGCCCGAAA	T1-CD19pos	0
CGCGTTTAGTGGTCCC	T1-CD19pos	0
CGCGTTTGTCTAGCCG	T1-CD19pos	0
CGCTATCCAGATCTGT	T1-CD19pos	0
CGCTATCGTACCGCTG	T1-CD19pos	0
CGCTATCGTTTAGGAA	T1-CD19pos	0
CGCTATCTCCCTGACT	T1-CD19pos	0
CGCTGGAAGTGTACCT	T1-CD19pos	0
CGCTGGACAGGATCGA	T1-CD19pos	0
CGCTTCACACCAACCG	T1-CD19pos	0
CGCTTCATCAGCGATT	T1-CD19pos	0
CGGACACCAGCCAATT	T1-CD19pos	0
CGGACACGTGACTACT	T1-CD19pos	0
CGGACGTAGGCTAGGT	T1-CD19pos	0
CGGACGTCAGCCTGTG	T1-CD19pos	0
CGGACGTGTTCTCATT	T1-CD19pos	0
CGGACGTTCATCACCC	T1-CD19pos	0
CGGACTGAGGACATTA	T1-CD19pos	1
CGGACTGGTGTAAGTA	T1-CD19pos	0
CGGAGCTAGGATGGAA	T1-CD19pos	0
CGGAGCTGTAATCACC	T1-CD19pos	0
CGGAGCTGTTGTGGAG	T1-CD19pos	0
CGGAGCTTCATCGGAT	T1-CD19pos	1
CGGAGTCGTCAATACC	T1-CD19pos	0
CGGAGTCGTTGAGGTG	T1-CD19pos	1
CGGCTAGGTGAGGGAG	T1-CD19pos	0
CGGCTAGTCGCCAGCA	T1-CD19pos	0
CGGGTCACAAAGTCAA	T1-CD19pos	0
CGGTTAAGTGCAACGA	T1-CD19pos	0
CGTAGCGAGAGAACAG	T1-CD19pos	0
CGTAGCGGTCCAACTA	T1-CD19pos	0
CGTAGCGTCTTATCTG	T1-CD19pos	0
CGTAGCGTCTTGCATT	T1-CD19pos	0
CGTAGGCCACCCATTC	T1-CD19pos	0
CGTAGGCGTCATGCAT	T1-CD19pos	0
CGTAGGCTCAAGATCC	T1-CD19pos	0
CGTCAGGCAAGGACAC	T1-CD19pos	0
CGTCAGGCAGGCTCAC	T1-CD19pos	0
CGTCCATAGTAATCCC	T1-CD19pos	0
CGTCTACCAACACCCG	T1-CD19pos	0
CGTCTACTCCATGAAC	T1-CD19pos	1
CGTGAGCCATTACGAC	T1-CD19pos	0
CGTGTAAAGTCTTGCA	T1-CD19pos	0
CGTGTAATCTTGACGA	T1-CD19pos	0
CGTGTCTAGCCCTAAT	T1-CD19pos	0
CGTGTCTTCATAAAGG	T1-CD19pos	0
CGTGTCTTCGGATGGA	T1-CD19pos	0
CGTGTCTTCTCCTATA	T1-CD19pos	0
CGTTAGACACAGTCGC	T1-CD19pos	0
CGTTAGACATCAGTCA	T1-CD19pos	0
CGTTAGAGTTCCGTCT	T1-CD19pos	0
CGTTAGATCAGCAACT	T1-CD19pos	0
CGTTCTGCATGCTGGC	T1-CD19pos	0
CGTTCTGTCATAGCAC	T1-CD19pos	0
CGTTGGGGTCGACTGC	T1-CD19pos	0
CTAACTTAGCAACGGT	T1-CD19pos	0
CTAACTTTCCCTCTTT	T1-CD19pos	0
CTAATGGTCACTATTC	T1-CD19pos	0
CTACACCAGACTCGGA	T1-CD19pos	0
CTACACCAGTTTCCTT	T1-CD19pos	1
CTACACCTCACCACCT	T1-CD19pos	0
CTACACCTCACCGTAA	T1-CD19pos	0
CTACACCTCGTGGACC	T1-CD19pos	0
CTACCCAAGTACACCT	T1-CD19pos	0
CTACGTCGTGACGGTA	T1-CD19pos	0
CTAGAGTAGAGTCTGG	T1-CD19pos	0
CTAGAGTAGCCAGGAT	T1-CD19pos	0
CTAGAGTGTTTCGCTC	T1-CD19pos	0
CTAGAGTTCGAATCCA	T1-CD19pos	0
CTAGAGTTCGATCCCT	T1-CD19pos	1
CTAGCCTAGTAGGTGC	T1-CD19pos	0
CTAGCCTCAGTATAAG	T1-CD19pos	0
CTAGTGACAATGGTCT	T1-CD19pos	0
CTAGTGATCCTATTCA	T1-CD19pos	0
CTCACACCACCTATCC	T1-CD19pos	0
CTCAGAATCGGAAATA	T1-CD19pos	0
CTCATTAGTCTGGTCG	T1-CD19pos	0
CTCCTAGCACAGACTT	T1-CD19pos	1
CTCCTAGCATGCCTTC	T1-CD19pos	0
CTCGAAACAAGGACAC	T1-CD19pos	0
CTCGAAATCACGAAGG	T1-CD19pos	0
CTCGAAATCGAGAACG	T1-CD19pos	0
CTCGGAGAGAGGTTGC	T1-CD19pos	0
CTCGGAGCACTTCTGC	T1-CD19pos	0
CTCGGAGCAGCCAATT	T1-CD19pos	0
CTCGGGAGTAACGTTC	T1-CD19pos	0
CTCGGGATCCCTTGCA	T1-CD19pos	0
CTCGTACCAGCGATCC	T1-CD19pos	0
CTCGTACGTTAGTGGG	T1-CD19pos	0
CTCGTCACATTCCTCG	T1-CD19pos	0
CTCTAATAGAATGTTG	T1-CD19pos	0
CTCTAATGTATGAAAC	T1-CD19pos	0
CTCTAATTCAACGGCC	T1-CD19pos	0
CTCTACGGTGCAACGA	T1-CD19pos	1
CTCTGGTCACCGCTAG	T1-CD19pos	0
CTCTGGTGTGCAACTT	T1-CD19pos	0
CTCTGGTGTTCACGGC	T1-CD19pos	1
CTGAAACAGTCAATAG	T1-CD19pos	0
CTGAAACCACATTCGA	T1-CD19pos	0
CTGAAGTGTAAGTAGT	T1-CD19pos	0
CTGATCCAGCTGCGAA	T1-CD19pos	0
CTGATCCGTCTGATCA	T1-CD19pos	0
CTGCGGACAGTTAACC	T1-CD19pos	0
CTGCGGATCTGGTGTA	T1-CD19pos	0
CTGCTGTAGGGCATGT	T1-CD19pos	0
CTGCTGTGTTCCACAA	T1-CD19pos	0
CTGCTGTTCCACTGGG	T1-CD19pos	1
CTGGTCTAGGCCCTTG	T1-CD19pos	0
CTGGTCTAGTACGTAA	T1-CD19pos	0
CTGGTCTAGTGAATTG	T1-CD19pos	0
CTGGTCTCAGCATGAG	T1-CD19pos	0
CTGGTCTGTCCGTGAC	T1-CD19pos	0
CTGTGCTGTGGCCCTA	T1-CD19pos	2
CTGTTTACAATGGACG	T1-CD19pos	0
CTGTTTACACGGCTAC	T1-CD19pos	0
CTTAACTAGGGTCGAT	T1-CD19pos	0
CTTAGGATCTTACCTA	T1-CD19pos	0
CTTCTCTCACCGAAAG	T1-CD19pos	0
CTTCTCTCACGGACAA	T1-CD19pos	0
CTTGGCTAGTTTAGGA	T1-CD19pos	0
GAAACTCCAGTTCCCT	T1-CD19pos	0
GAAACTCTCATAACCG	T1-CD19pos	0
GAAATGACACGCCAGT	T1-CD19pos	0
GAAATGAGTGGTCCGT	T1-CD19pos	0
GAAATGATCGTACGGC	T1-CD19pos	0
GAACATCTCTCGAGTA	T1-CD19pos	1
GAACCTAAGAAACCAT	T1-CD19pos	0
GAACCTAAGCAGGCTA	T1-CD19pos	0
GAATAAGAGATGAGAG	T1-CD19pos	0
GAATAAGGTACCGGCT	T1-CD19pos	0
GAATGAAAGATGTAAC	T1-CD19pos	0
GAATGAAAGTGGCACA	T1-CD19pos	0
GAATGAAGTGTTGAGG	T1-CD19pos	0
GAATGAAGTTCCATGA	T1-CD19pos	0
GAATGAATCTGGCGAC	T1-CD19pos	0
GACACGCGTTATTCTC	T1-CD19pos	0
GACACGCTCGAGGTAG	T1-CD19pos	1
GACAGAGTCACTTACT	T1-CD19pos	0
GACAGAGTCCTTTCGG	T1-CD19pos	0
GACCTGGCAACGATCT	T1-CD19pos	0
GACCTGGGTAGCTAAA	T1-CD19pos	0
GACGCGTAGAACAACT	T1-CD19pos	0
GACGCGTCAGGGTTAG	T1-CD19pos	0
GACGTGCGTCGCGAAA	T1-CD19pos	0
GACGTGCTCCTTGACC	T1-CD19pos	0
GACGTTACATTTCAGG	T1-CD19pos	0
GACTAACCACCACCAG	T1-CD19pos	0
GACTAACGTGGCGAAT	T1-CD19pos	0
GACTGCGGTCCATGAT	T1-CD19pos	0
GAGCAGATCCAAGCCG	T1-CD19pos	0
GAGGTGATCTGGGCCA	T1-CD19pos	0
GAGTCCGTCAGAAATG	T1-CD19pos	0
GATCAGTGTCTAACGT	T1-CD19pos	0
GATCAGTTCTGAGGGA	T1-CD19pos	0
GATCGATTCCTAAGTG	T1-CD19pos	0
GATCGATTCTACCTGC	T1-CD19pos	0
GATCGCGAGTGTTTGC	T1-CD19pos	0
GATCGCGCACAACGTT	T1-CD19pos	0
GATCGCGCACTGTTAG	T1-CD19pos	1
GATCGCGCAGGCAGTA	T1-CD19pos	0
GATCGTAAGGCACATG	T1-CD19pos	0
GATCGTAAGTGCGTGA	T1-CD19pos	0
GATCGTAGTACCATCA	T1-CD19pos	0
GATCTAGCAAGCGCTC	T1-CD19pos	0
GATCTAGTCACTATTC	T1-CD19pos	0
GATGAAAGTGATGTCT	T1-CD19pos	0
GATGAGGCACGTCTCT	T1-CD19pos	0
GATGCTACAGAGCCAA	T1-CD19pos	0
GATGCTAGTTGAGGTG	T1-CD19pos	0
GATTCAGTCGAACTGT	T1-CD19pos	0
GCAAACTCAATAGAGT	T1-CD19pos	0
GCAAACTTCAGTTAGC	T1-CD19pos	0
GCAATCAAGGTGATTA	T1-CD19pos	0
GCACTCTTCTGCCAGG	T1-CD19pos	0
GCAGCCAAGATCCCGC	T1-CD19pos	0
GCAGCCACACACAGAG	T1-CD19pos	0
GCAGCCACATTGTGCA	T1-CD19pos	0
GCAGCCATCCAAATGC	T1-CD19pos	0
GCATGATCAAGCGATG	T1-CD19pos	0
GCATGATCAGATAATG	T1-CD19pos	0
GCATGATCATTGGTAC	T1-CD19pos	0
GCATGATGTAGCGCAA	T1-CD19pos	0
GCATGATTCCGCGTTT	T1-CD19pos	0
GCATGCGCAACACCCG	T1-CD19pos	0
GCATGCGCACTGTCGG	T1-CD19pos	0
GCATGCGCAGGACCCT	T1-CD19pos	0
GCCAAATGTCCTGCTT	T1-CD19pos	0
GCCAAATTCTCCTATA	T1-CD19pos	0
GCCTCTAAGGCGATAC	T1-CD19pos	0
GCCTCTACACGGATAG	T1-CD19pos	0
GCCTCTATCCAATGGT	T1-CD19pos	0
GCGACCAGTATGAAAC	T1-CD19pos	0
GCGAGAAAGACTACAA	T1-CD19pos	0
GCGCAGTCAAACGCGA	T1-CD19pos	0
GCGCAGTCAGTGGAGT	T1-CD19pos	0
GCGCCAAAGCGACGTA	T1-CD19pos	0
GCGCCAATCACTCTTA	T1-CD19pos	0
GCGCGATCAGACAAAT	T1-CD19pos	0
GCGGGTTGTAAACACA	T1-CD19pos	0
GCGGGTTGTGAAAGAG	T1-CD19pos	0
GCTCCTAGTCCCTTGT	T1-CD19pos	0
GCTGCAGAGCTGCGAA	T1-CD19pos	0
GCTGCTTAGTGGTCCC	T1-CD19pos	0
GCTGCTTCAGATGAGC	T1-CD19pos	0
GCTTCCATCCTTGACC	T1-CD19pos	0
GGAAAGCGTGTGACCC	T1-CD19pos	0
GGAAAGCTCCTTTCTC	T1-CD19pos	1
GGAACTTAGAATAGGG	T1-CD19pos	0
GGAACTTAGCGTGTCC	T1-CD19pos	0
GGAACTTCACATGACT	T1-CD19pos	0
GGAATAAAGCAATATG	T1-CD19pos	0
GGACATTAGCTGATAA	T1-CD19pos	0
GGACATTGTCAGAAGC	T1-CD19pos	0
GGACATTGTGGCCCTA	T1-CD19pos	0
GGAGCAATCCTAAGTG	T1-CD19pos	0
GGATGTTAGGGATGGG	T1-CD19pos	0
GGATTACGTTCTCATT	T1-CD19pos	0
GGATTACTCTAACTCT	T1-CD19pos	0
GGCAATTGTAAACACA	T1-CD19pos	0
GGCCGATAGTCCATAC	T1-CD19pos	0
GGCCGATTCGGTGTTA	T1-CD19pos	0
GGCGACTGTCAGCTAT	T1-CD19pos	0
GGCGTGTGTTTGGCGC	T1-CD19pos	0
GGCTCGACAACACGCC	T1-CD19pos	0
GGCTGGTGTGACTACT	T1-CD19pos	0
GGGAATGGTAAACGCG	T1-CD19pos	0
GGGAATGGTTCCTCCA	T1-CD19pos	0
GGGACCTAGCGCCTCA	T1-CD19pos	5
GGGACCTTCAGCGATT	T1-CD19pos	0
GGGAGATAGGGTGTGT	T1-CD19pos	0
GGGAGATTCGCCAAAT	T1-CD19pos	0
GGGATGAGTCCGTGAC	T1-CD19pos	0
GGGATGAGTTCCACTC	T1-CD19pos	0
GGGCACTAGGGATGGG	T1-CD19pos	0
GGGTCTGCAGTAAGAT	T1-CD19pos	0
GGGTCTGGTACTTCTT	T1-CD19pos	0
GGGTCTGGTTTGTGTG	T1-CD19pos	0
GGGTCTGTCAAACCAC	T1-CD19pos	0
GGGTTGCAGATCCGAG	T1-CD19pos	0
GGTGAAGAGTTAGCGG	T1-CD19pos	0
GGTGCGTAGACACTAA	T1-CD19pos	0
GGTGCGTTCTGAAAGA	T1-CD19pos	0
GGTGTTACACGCTTTC	T1-CD19pos	1
GGTGTTAGTTTGGGCC	T1-CD19pos	0
GTAACGTGTAACGTTC	T1-CD19pos	0
GTAACGTTCACGGTTA	T1-CD19pos	0
GTAACTGAGCTGTCTA	T1-CD19pos	0
GTAACTGCAATCGAAA	T1-CD19pos	0
GTAACTGGTTCGTTGA	T1-CD19pos	0
GTAACTGTCCGTAGTA	T1-CD19pos	0
GTACGTAGTCATCGGC	T1-CD19pos	0
GTACGTATCATGCTCC	T1-CD19pos	0
GTACGTATCGCCTGTT	T1-CD19pos	0
GTACTCCAGGTGATTA	T1-CD19pos	0
GTACTCCCAAATACAG	T1-CD19pos	0
GTACTCCTCGATCCCT	T1-CD19pos	0
GTACTCCTCTCGCTTG	T1-CD19pos	0
GTACTTTAGATGGCGT	T1-CD19pos	0
GTACTTTTCACCGTAA	T1-CD19pos	0
GTAGGCCGTTTGTGTG	T1-CD19pos	0
GTAGTCAAGCGAGAAA	T1-CD19pos	1
GTAGTCAAGTACGCGA	T1-CD19pos	0
GTAGTCACACCACGTG	T1-CD19pos	0
GTAGTCACAGACAAGC	T1-CD19pos	0
GTAGTCAGTGCTAGCC	T1-CD19pos	0
GTAGTCATCCCAAGTA	T1-CD19pos	0
GTATCTTTCCGCTGTT	T1-CD19pos	0
GTATCTTTCGCGGATC	T1-CD19pos	0
GTATTCTAGCCGATTT	T1-CD19pos	0
GTATTCTGTACACCGC	T1-CD19pos	0
GTATTCTTCACCCTCA	T1-CD19pos	0
GTCAAGTAGACATAAC	T1-CD19pos	1
GTCAAGTGTAAGGATT	T1-CD19pos	0
GTCACAACAAGTCATC	T1-CD19pos	1
GTCACAAGTCGTGGCT	T1-CD19pos	0
GTCACAATCTCTAGGA	T1-CD19pos	0
GTCACGGCATATGCTG	T1-CD19pos	0
GTCGGGTCAGTTAACC	T1-CD19pos	0
GTCGGGTGTCGACTGC	T1-CD19pos	1
GTCGGGTGTCGAGTTT	T1-CD19pos	1
GTCGTAAGTCTAAAGA	T1-CD19pos	0
GTCTCGTAGTGGTCCC	T1-CD19pos	0
GTCTTCGCACCACGTG	T1-CD19pos	0
GTGAAGGTCGAATGGG	T1-CD19pos	0
GTGCATAGTAGGACAC	T1-CD19pos	0
GTGCATAGTGCGGTAA	T1-CD19pos	0
GTGCATAGTGCTGTAT	T1-CD19pos	0
GTGCGGTAGGGAAACA	T1-CD19pos	0
GTGCGGTCACACATGT	T1-CD19pos	0
GTGCGGTGTGTGACCC	T1-CD19pos	0
GTGCGGTTCGAGGTAG	T1-CD19pos	0
GTGCGGTTCTATCGCC	T1-CD19pos	0
GTGCTTCCAGTGGGAT	T1-CD19pos	0
GTGCTTCCATGTAGTC	T1-CD19pos	0
GTGCTTCGTTGATTCG	T1-CD19pos	1
GTGGGTCTCCACGAAT	T1-CD19pos	0
GTGTTAGCAAACTGTC	T1-CD19pos	0
GTGTTAGGTGTGTGCC	T1-CD19pos	0
GTTAAGCAGGAATGGA	T1-CD19pos	1
GTTAAGCCAGGAACGT	T1-CD19pos	0
GTTAAGCGTTCGCTAA	T1-CD19pos	0
GTTCTCGAGCTAAACA	T1-CD19pos	0
GTTCTCGCAACTTGAC	T1-CD19pos	0
GTTCTCGCACATTCGA	T1-CD19pos	0
GTTCTCGGTCTAAACC	T1-CD19pos	0
GTTCTCGTCCGCTGTT	T1-CD19pos	0
GTTTCTAAGACCTTTG	T1-CD19pos	0
GTTTCTACACAGATTC	T1-CD19pos	0
GTTTCTAGTCTAAAGA	T1-CD19pos	0
TAAACCGCAGTCTTCC	T1-CD19pos	0
TAAGAGAAGAAGATTC	T1-CD19pos	0
TAAGAGAAGGTGCAAC	T1-CD19pos	0
TAAGAGACACCCATGG	T1-CD19pos	0
TAAGAGATCAGCTGGC	T1-CD19pos	0
TAAGAGATCCTTGACC	T1-CD19pos	0
TAAGCGTAGCTCCCAG	T1-CD19pos	0
TAAGCGTGTCGGGTCT	T1-CD19pos	0
TAAGCGTTCAGCAACT	T1-CD19pos	0
TAAGTGCAGAACTCGG	T1-CD19pos	0
TAAGTGCCATCCGGGT	T1-CD19pos	0
TACACGACAATGCCAT	T1-CD19pos	0
TACACGACACCCTATC	T1-CD19pos	0
TACAGTGAGAATGTTG	T1-CD19pos	1
TACCTATAGACTTTCG	T1-CD19pos	0
TACCTTAAGTACGACG	T1-CD19pos	0
TACCTTATCCTATGTT	T1-CD19pos	0
TACGGATAGGTGATTA	T1-CD19pos	0
TACGGGCAGGCGTACA	T1-CD19pos	0
TACGGGCCAGTAAGAT	T1-CD19pos	0
TACGGGCTCAACACTG	T1-CD19pos	0
TACGGGCTCACGGTTA	T1-CD19pos	0
TACTCATCAGCGTTCG	T1-CD19pos	0
TACTCGCCATGGTCAT	T1-CD19pos	0
TACTCGCGTCAGCTAT	T1-CD19pos	0
TACTTACTCGGACAAG	T1-CD19pos	0
TACTTACTCTATCGCC	T1-CD19pos	0
TACTTGTCAATAACGA	T1-CD19pos	0
TACTTGTGTGGCGAAT	T1-CD19pos	0
TAGACCAAGGAGTTGC	T1-CD19pos	0
TAGACCAAGTACGCGA	T1-CD19pos	0
TAGACCAGTATGAATG	T1-CD19pos	0
TAGAGCTGTCTTGTCC	T1-CD19pos	0
TAGGCATAGATAGCAT	T1-CD19pos	0
TAGGCATAGCAGGTCA	T1-CD19pos	0
TAGTGGTGTCTTCAAG	T1-CD19pos	0
TAGTGGTGTGCACGAA	T1-CD19pos	0
TAGTTGGCAAGAAGAG	T1-CD19pos	0
TAGTTGGTCGTATCAG	T1-CD19pos	0
TATCAGGAGAAGGACA	T1-CD19pos	0
TATCAGGCAATCCAAC	T1-CD19pos	0
TATCTCACACGAGGTA	T1-CD19pos	0
TATGCCCCAGTACACT	T1-CD19pos	0
TATGCCCGTGTGCCTG	T1-CD19pos	0
TATTACCAGCCAGTAG	T1-CD19pos	0
TATTACCAGTCCAGGA	T1-CD19pos	0
TATTACCGTCGGATCC	T1-CD19pos	0
TCAACGAAGGCGTACA	T1-CD19pos	0
TCAACGAAGTTTCCTT	T1-CD19pos	0
TCAACGATCGAACTGT	T1-CD19pos	0
TCACAAGAGCTAGGCA	T1-CD19pos	0
TCACAAGAGTGTACGG	T1-CD19pos	0
TCAGGATTCTCAACTT	T1-CD19pos	0
TCAGGTACAAACAACA	T1-CD19pos	0
TCATTACCAGCTCCGA	T1-CD19pos	0
TCATTACTCATCTGTT	T1-CD19pos	0
TCATTACTCGATGAGG	T1-CD19pos	0
TCATTTGGTCTTCTCG	T1-CD19pos	0
TCATTTGTCAACGGCC	T1-CD19pos	0
TCCACACGTACTTGAC	T1-CD19pos	0
TCCCGATAGTGGACGT	T1-CD19pos	0
TCCCGATCAAGAGTCG	T1-CD19pos	0
TCGAGGCCACGAAATA	T1-CD19pos	1
TCGCGAGAGGCAAAGA	T1-CD19pos	0
TCGCGAGTCCCTCAGT	T1-CD19pos	0
TCGCGTTCAATCGAAA	T1-CD19pos	0
TCGGGACCACTTAAGC	T1-CD19pos	0
TCGGGACCAGTTCCCT	T1-CD19pos	0
TCGGTAAAGTACCGGA	T1-CD19pos	0
TCGGTAAGTTATCACG	T1-CD19pos	0
TCGTACCAGTTTCCTT	T1-CD19pos	0
TCGTAGACAAGGACTG	T1-CD19pos	0
TCGTAGACATTCACTT	T1-CD19pos	0
TCGTAGAGTTTCGCTC	T1-CD19pos	0
TCTATTGAGGCCCTCA	T1-CD19pos	0
TCTATTGCAAGTACCT	T1-CD19pos	0
TCTATTGCAGCTGCAC	T1-CD19pos	0
TCTATTGGTAGGCATG	T1-CD19pos	0
TCTATTGGTATCTGCA	T1-CD19pos	0
TCTATTGGTCAACTGT	T1-CD19pos	0
TCTATTGTCGTCCAGG	T1-CD19pos	0
TCTCATAAGGAGTAGA	T1-CD19pos	0
TCTCATAAGGATGGTC	T1-CD19pos	0
TCTCATACAAACTGTC	T1-CD19pos	0
TCTCTAAAGATCTGCT	T1-CD19pos	0
TCTCTAAAGTAGGTGC	T1-CD19pos	0
TCTCTAAGTTGAACTC	T1-CD19pos	0
TCTGAGACAAAGTGCG	T1-CD19pos	0
TCTGAGAGTTCCAACA	T1-CD19pos	0
TCTTCGGAGAACAATC	T1-CD19pos	0
TCTTCGGCATCATCCC	T1-CD19pos	0
TCTTTCCTCACTATTC	T1-CD19pos	0
TGACAACAGATACACA	T1-CD19pos	0
TGACAACAGGAGTTGC	T1-CD19pos	0
TGACAACGTCACCCAG	T1-CD19pos	0
TGACGGCTCTAACTCT	T1-CD19pos	0
TGACTAGAGCCTTGAT	T1-CD19pos	0
TGACTAGAGCGGCTTC	T1-CD19pos	0
TGACTTTAGTTAACGA	T1-CD19pos	2
TGAGAGGAGTCTCGGC	T1-CD19pos	0
TGAGAGGTCGAGAACG	T1-CD19pos	0
TGAGCATAGGTAAACT	T1-CD19pos	0
TGAGCATGTGGTACAG	T1-CD19pos	0
TGAGCCGGTGCGAAAC	T1-CD19pos	0
TGAGCCGTCGTTTGCC	T1-CD19pos	1
TGATTTCCAATAGAGT	T1-CD19pos	1
TGATTTCGTCTAGCGC	T1-CD19pos	0
TGATTTCGTCTTCTCG	T1-CD19pos	0
TGATTTCGTTATGCGT	T1-CD19pos	0
TGATTTCTCACATACG	T1-CD19pos	1
TGCACCTTCAACGGGA	T1-CD19pos	0
TGCACCTTCCGTTGCT	T1-CD19pos	0
TGCACCTTCTCGAGTA	T1-CD19pos	0
TGCCAAAAGGAGTTTA	T1-CD19pos	0
TGCCAAAGTAGCCTCG	T1-CD19pos	0
TGCCAAATCAAAGACA	T1-CD19pos	0
TGCCCATCAGTGACAG	T1-CD19pos	1
TGCCCATGTCGTGGCT	T1-CD19pos	0
TGCCCTAAGCGTTCCG	T1-CD19pos	2
TGCCCTACACTACAGT	T1-CD19pos	0
TGCGCAGAGGCGCTCT	T1-CD19pos	0
TGCGCAGGTACGCACC	T1-CD19pos	1
TGCGGGTCACCGAAAG	T1-CD19pos	0
TGCGGGTCAGCGTTCG	T1-CD19pos	0
TGCGGGTGTCAGCTAT	T1-CD19pos	0
TGCGGGTGTTAGTGGG	T1-CD19pos	0
TGCGGGTTCAAAGTAG	T1-CD19pos	0
TGCGGGTTCCGTCATC	T1-CD19pos	0
TGCGTGGCAAGTAGTA	T1-CD19pos	0
TGCGTGGCAATCTACG	T1-CD19pos	0
TGCGTGGCACCATGTA	T1-CD19pos	0
TGCTGCTGTCTTGCGG	T1-CD19pos	0
TGCTGCTTCCGAGCCA	T1-CD19pos	0
TGCTGCTTCCTACAGA	T1-CD19pos	0
TGGACGCGTCAATGTC	T1-CD19pos	0
TGGACGCTCGTCGTTC	T1-CD19pos	0
TGGCCAGCACGGTGTC	T1-CD19pos	0
TGGCGCAGTAAGGGAA	T1-CD19pos	0
TGGCGCAGTAGGCATG	T1-CD19pos	0
TGGCGCATCCTATGTT	T1-CD19pos	1
TGGCTGGGTCCTGCTT	T1-CD19pos	1
TGGCTGGTCATCACCC	T1-CD19pos	0
TGGGAAGAGATAGGAG	T1-CD19pos	0
TGGGCGTAGATGTAAC	T1-CD19pos	0
TGGGCGTGTTCGCGAC	T1-CD19pos	0
TGGGCGTTCTGTTGAG	T1-CD19pos	0
TGGTTAGCATCTGGTA	T1-CD19pos	1
TGGTTAGGTATAGGTA	T1-CD19pos	0
TGTGGTAAGAAACCTA	T1-CD19pos	0
TGTGGTAAGCTTATCG	T1-CD19pos	0
TGTGGTACACGGTTTA	T1-CD19pos	0
TGTGGTAGTGTAATGA	T1-CD19pos	0
TGTGTTTGTTAAAGAC	T1-CD19pos	0
TGTTCCGCAGTATCTG	T1-CD19pos	0
TGTTCCGGTGTTTGTG	T1-CD19pos	0
TGTTCCGGTTCTCATT	T1-CD19pos	0
TTAACTCAGCTAGTGG	T1-CD19pos	0
TTAACTCGTGGTCCGT	T1-CD19pos	0
TTAACTCTCCGAATGT	T1-CD19pos	0
TTAGGACAGCATGGCA	T1-CD19pos	0
TTAGGACCACGTTGGC	T1-CD19pos	0
TTAGGACGTGAGGGAG	T1-CD19pos	0
TTATGCTGTAAGAGAG	T1-CD19pos	1
TTCCCAGCACAGTCGC	T1-CD19pos	0
TTCCCAGCAGTGGGAT	T1-CD19pos	0
TTCCCAGCATATGGTC	T1-CD19pos	0
TTCGAAGAGGCCCGTT	T1-CD19pos	0
TTCGAAGTCAGGCAAG	T1-CD19pos	0
TTCTACACACAACTGT	T1-CD19pos	0
TTCTACAGTTGGACCC	T1-CD19pos	0
TTCTACATCTAACGGT	T1-CD19pos	0
TTCTCAACAATGGATA	T1-CD19pos	0
TTCTCAACACTTAACG	T1-CD19pos	0
TTCTCCTGTAACGCGA	T1-CD19pos	1
TTGAACGCATATGGTC	T1-CD19pos	0
TTGACTTCAGCTGCAC	T1-CD19pos	0
TTGACTTGTCTAAAGA	T1-CD19pos	0
TTGACTTGTGTCGCTG	T1-CD19pos	0
TTGCCGTAGAGCAATT	T1-CD19pos	0
TTGCCGTGTTGCGCAC	T1-CD19pos	0
TTGCCGTGTTTGACAC	T1-CD19pos	0
TTGCGTCAGAAGGGTA	T1-CD19pos	0
TTGCGTCAGTACGCGA	T1-CD19pos	0
TTGGAACCATAGGATA	T1-CD19pos	0
TTGGCAACACTTCTGC	T1-CD19pos	0
TTTACTGGTTTCGCTC	T1-CD19pos	0
TTTATGCTCCACGACG	T1-CD19pos	0
TTTCCTCGTACATGTC	T1-CD19pos	0
TTTCCTCTCAATCTCT	T1-CD19pos	0
TTTGGTTAGTATGACA	T1-CD19pos	0
TTTGTCAAGAATTCCC	T1-CD19pos	0
TTTGTCACAGATGGCA	T1-CD19pos	0
TTTGTCATCGTAGATC	T1-CD19pos	0
ATCCACCGTATTACCG	T1-CD19pos	0
AAACCTGAGCAATCTC	T2-CD19neg	1
AAACCTGCAGGTCTCG	T2-CD19neg	1
AAACCTGGTACACCGC	T2-CD19neg	1
AAACGGGCAGTTTACG	T2-CD19neg	1
AAACGGGCATCGATGT	T2-CD19neg	2
AAACGGGTCCGCAAGC	T2-CD19neg	1
AAAGATGGTTAAGTAG	T2-CD19neg	2
AAAGATGTCAAGCCTA	T2-CD19neg	1
AAAGCAATCGAATGCT	T2-CD19neg	1
AAAGTAGAGCCATCGC	T2-CD19neg	1
AAAGTAGTCGAGGTAG	T2-CD19neg	1
AAATGCCCATGTCCTC	T2-CD19neg	1
AAATGCCGTCGAAAGC	T2-CD19neg	1
AAATGCCGTGCACCAC	T2-CD19neg	1
AAATGCCTCAGCCTAA	T2-CD19neg	1
AACACGTAGAAACGAG	T2-CD19neg	1
AACACGTTCCTGTACC	T2-CD19neg	1
AACCATGTCCTAGAAC	T2-CD19neg	2
AACGTTGCATCACAAC	T2-CD19neg	1
AACTCCCAGAGTAATC	T2-CD19neg	1
AACTCCCAGCTTCGCG	T2-CD19neg	1
AACTCCCTCACCTCGT	T2-CD19neg	1
AACTCTTTCTTGAGAC	T2-CD19neg	1
AACTGGTCAGGGCATA	T2-CD19neg	1
AACTGGTCAGGTTTCA	T2-CD19neg	1
AACTGGTTCACTTACT	T2-CD19neg	0
AACTTTCGTCTTGTCC	T2-CD19neg	1
AAGACCTTCAATCTCT	T2-CD19neg	1
AAGCCGCTCACTTATC	T2-CD19neg	1
AAGCCGCTCAGCATGT	T2-CD19neg	1
AAGGAGCAGATCGGGT	T2-CD19neg	1
AAGGAGCTCTTATCTG	T2-CD19neg	4
AAGGCAGAGGGCTTCC	T2-CD19neg	1
AAGGCAGGTCTCTTAT	T2-CD19neg	1
AAGGTTCAGGGCACTA	T2-CD19neg	1
AAGGTTCCAGATCTGT	T2-CD19neg	1
AAGGTTCTCGTAGGAG	T2-CD19neg	1
AAGGTTCTCTTGAGAC	T2-CD19neg	1
AAGTCTGAGATGTGTA	T2-CD19neg	1
AAGTCTGGTCCGAAGA	T2-CD19neg	1
AATCCAGCAATGGACG	T2-CD19neg	1
AATCGGTAGAGTGAGA	T2-CD19neg	0
ACACCAAAGAGGACGG	T2-CD19neg	1
ACACCAACAGACGCTC	T2-CD19neg	1
ACACCAACAGCTTAAC	T2-CD19neg	1
ACACCAATCGCTTAGA	T2-CD19neg	1
ACACCGGCACTTCGAA	T2-CD19neg	1
ACACTGAGTGTTCGAT	T2-CD19neg	1
ACAGCCGGTGAGTGAC	T2-CD19neg	1
ACAGCTAGTTACAGAA	T2-CD19neg	2
ACATACGAGCTAGGCA	T2-CD19neg	1
ACATCAGAGCTAACAA	T2-CD19neg	2
ACATCAGTCCCACTTG	T2-CD19neg	1
ACATGGTCAGGCTGAA	T2-CD19neg	1
ACATGGTTCTGCGTAA	T2-CD19neg	1
ACCAGTAAGAAACCGC	T2-CD19neg	1
ACCAGTAAGGCAATTA	T2-CD19neg	2
ACCAGTACATCTACGA	T2-CD19neg	1
ACCAGTACATTTGCCC	T2-CD19neg	1
ACCGTAACATCGGAAG	T2-CD19neg	4
ACCGTAAGTACCGGCT	T2-CD19neg	1
ACCGTAATCTTTACGT	T2-CD19neg	1
ACGAGCCGTGCAGGTA	T2-CD19neg	1
ACGAGGAAGTGTTGAA	T2-CD19neg	1
ACGAGGAGTGTTTGGT	T2-CD19neg	1
ACGATACAGAAACCTA	T2-CD19neg	1
ACGATACGTTCTGAAC	T2-CD19neg	1
ACGATGTGTAATTGGA	T2-CD19neg	1
ACGATGTGTCTGCGGT	T2-CD19neg	1
ACGCAGCAGGACGAAA	T2-CD19neg	1
ACGCCAGAGCTAGTCT	T2-CD19neg	1
ACGCCAGGTCGCGTGT	T2-CD19neg	1
ACGCCGACACCTCGTT	T2-CD19neg	1
ACGCCGAGTGCCTGGT	T2-CD19neg	1
ACGCCGATCACCTTAT	T2-CD19neg	1
ACGGCCAAGAAGAAGC	T2-CD19neg	1
ACGGCCACACGGTGTC	T2-CD19neg	1
ACGGCCATCCCATTTA	T2-CD19neg	1
ACGGGTCCATCGGTTA	T2-CD19neg	1
ACGGGTCTCCGGCACA	T2-CD19neg	1
ACTATCTAGATCTGAA	T2-CD19neg	1
ACTGAACTCGGTTAAC	T2-CD19neg	1
ACTGAGTAGTGTACGG	T2-CD19neg	1
ACTGAGTCACGGTAAG	T2-CD19neg	1
ACTGAGTCATTACCTT	T2-CD19neg	1
ACTGATGGTCTCATCC	T2-CD19neg	0
ACTGATGTCCGAAGAG	T2-CD19neg	1
ACTGCTCAGTACCGGA	T2-CD19neg	1
ACTGTCCAGCGGCTTC	T2-CD19neg	1
ACTTACTAGGTGGGTT	T2-CD19neg	1
ACTTACTAGTGGTAGC	T2-CD19neg	1
ACTTACTTCTCTAAGG	T2-CD19neg	1
ACTTACTTCTGCTGTC	T2-CD19neg	1
ACTTGTTGTATAGGGC	T2-CD19neg	1
ACTTGTTGTATCGCAT	T2-CD19neg	1
ACTTGTTGTGATGTCT	T2-CD19neg	1
AGAATAGCAAACGCGA	T2-CD19neg	1
AGAATAGGTGCCTGCA	T2-CD19neg	2
AGACGTTAGTGCGATG	T2-CD19neg	1
AGACGTTGTGTAACGG	T2-CD19neg	1
AGAGCGACAAGACGTG	T2-CD19neg	1
AGAGTGGGTTCGTCTC	T2-CD19neg	1
AGATCTGAGGCAATTA	T2-CD19neg	1
AGATCTGGTCAGTGGA	T2-CD19neg	2
AGATTGCAGACGCAAC	T2-CD19neg	1
AGATTGCAGAGTGACC	T2-CD19neg	1
AGCAGCCGTAGCGCAA	T2-CD19neg	1
AGCAGCCTCGATCCCT	T2-CD19neg	1
AGCATACTCACCCGAG	T2-CD19neg	4
AGCATACTCAGGTTCA	T2-CD19neg	1
AGCCTAAAGCCAGAAC	T2-CD19neg	1
AGCCTAACAAGCTGTT	T2-CD19neg	1
AGCGTATCAATAGCAA	T2-CD19neg	1
AGCGTATTCGCGCCAA	T2-CD19neg	1
AGCGTATTCTCGATGA	T2-CD19neg	1
AGCGTCGCAGGTCGTC	T2-CD19neg	1
AGCGTCGGTCGCTTTC	T2-CD19neg	1
AGCTCCTAGTCTCAAC	T2-CD19neg	1
AGCTCCTTCACATAGC	T2-CD19neg	2
AGCTCTCCAAGCCTAT	T2-CD19neg	1
AGCTTGACAGAAGCAC	T2-CD19neg	1
AGCTTGAGTGAAAGAG	T2-CD19neg	1
AGCTTGATCAATCTCT	T2-CD19neg	1
AGGCCACGTCGGGTCT	T2-CD19neg	1
AGGCCGTCATCTCCCA	T2-CD19neg	1
AGGGTGACATGCCTAA	T2-CD19neg	1
AGGGTGAGTTCATGGT	T2-CD19neg	1
AGGTCATCATCCAACA	T2-CD19neg	1
AGGTCATGTTTGGGCC	T2-CD19neg	1
AGGTCATTCGTAGATC	T2-CD19neg	2
AGGTCATTCTTCCTTC	T2-CD19neg	0
AGGTCCGTCCCTCAGT	T2-CD19neg	2
AGTGGGACACCGTTGG	T2-CD19neg	1
AGTGGGAGTTTGGGCC	T2-CD19neg	1
AGTTGGTCAGACACTT	T2-CD19neg	1
ATAAGAGAGGGTCGAT	T2-CD19neg	1
ATAAGAGGTATATCCG	T2-CD19neg	1
ATAAGAGTCGGAGGTA	T2-CD19neg	1
ATAGACCAGTAGGTGC	T2-CD19neg	5
ATAGACCGTAGATTAG	T2-CD19neg	1
ATAGACCTCGAGAGCA	T2-CD19neg	1
ATCACGACAGATCCAT	T2-CD19neg	1
ATCACGAGTGAAGGCT	T2-CD19neg	1
ATCACGAGTGATGCCC	T2-CD19neg	1
ATCCACCGTACGAAAT	T2-CD19neg	1
ATCCACCTCAGAGCTT	T2-CD19neg	1
ATCCGAACAAGCCGCT	T2-CD19neg	1
ATCGAGTAGTAACCCT	T2-CD19neg	1
ATCGAGTTCAGCTCTC	T2-CD19neg	1
ATCTACTCATTGAGCT	T2-CD19neg	1
ATCTACTGTCTTCAAG	T2-CD19neg	1
ATGAGGGAGACAGACC	T2-CD19neg	1
ATGAGGGCATGTCCTC	T2-CD19neg	1
ATGCGATAGCCAGTAG	T2-CD19neg	1
ATGCGATGTGCAGACA	T2-CD19neg	1
ATGCGATTCTACGAGT	T2-CD19neg	1
ATGGGAGGTATATCCG	T2-CD19neg	3
ATGTGTGAGTAGGCCA	T2-CD19neg	0
ATTCTACTCACAAACC	T2-CD19neg	2
ATTCTACTCCCTAACC	T2-CD19neg	1
ATTGGACAGAGTGAGA	T2-CD19neg	1
ATTGGTGAGGTGCTTT	T2-CD19neg	1
ATTGGTGGTCTCCCTA	T2-CD19neg	1
ATTGGTGGTGAAATCA	T2-CD19neg	1
CAACCAAAGAAGGTTT	T2-CD19neg	1
CAACTAGAGCGAGAAA	T2-CD19neg	1
CAACTAGTCTGGTATG	T2-CD19neg	1
CAAGGCCCACTTCGAA	T2-CD19neg	1
CAAGGCCGTCTTGCGG	T2-CD19neg	1
CAAGGCCGTCTTTCAT	T2-CD19neg	1
CAAGGCCTCCTGTACC	T2-CD19neg	1
CAAGTTGAGTTACGGG	T2-CD19neg	1
CAAGTTGGTGCCTGCA	T2-CD19neg	1
CAAGTTGGTTCCTCCA	T2-CD19neg	1
CACAAACGTCGCGGTT	T2-CD19neg	1
CACAAACGTTACGTCA	T2-CD19neg	1
CACACAAGTAGAGCTG	T2-CD19neg	1
CACACAATCCGATATG	T2-CD19neg	2
CACACCTGTCGAACAG	T2-CD19neg	0
CACACCTTCTGCCCTA	T2-CD19neg	1
CACACTCGTGCCTGTG	T2-CD19neg	1
CACACTCTCGGATGGA	T2-CD19neg	1
CACAGGCAGACAAGCC	T2-CD19neg	3
CACAGTAGTGCTAGCC	T2-CD19neg	1
CACATTTCACACGCTG	T2-CD19neg	1
CACATTTTCATATCGG	T2-CD19neg	1
CACCAGGAGAGTTGGC	T2-CD19neg	1
CACCAGGTCGAACGGA	T2-CD19neg	3
CACCTTGTCTTATCTG	T2-CD19neg	1
CACTCCAGTGTTCGAT	T2-CD19neg	1
CAGAGAGAGTCGTACT	T2-CD19neg	1
CAGATCAAGAAGCCCA	T2-CD19neg	1
CAGCAGCCATTCTTAC	T2-CD19neg	1
CAGCAGCTCTTACCGC	T2-CD19neg	1
CAGCATATCTATCCCG	T2-CD19neg	1
CAGCCGACATTGTGCA	T2-CD19neg	1
CAGCGACAGAACTCGG	T2-CD19neg	1
CAGCGACAGCATGGCA	T2-CD19neg	1
CAGCGACGTCATGCCG	T2-CD19neg	1
CAGCGACTCCTCGCAT	T2-CD19neg	1
CAGCTAATCTCGCTTG	T2-CD19neg	1
CAGCTGGAGAACAACT	T2-CD19neg	1
CAGCTGGCACTCAGGC	T2-CD19neg	1
CAGCTGGTCCATGAGT	T2-CD19neg	1
CAGCTGGTCCTATTCA	T2-CD19neg	1
CAGGTGCAGATATGGT	T2-CD19neg	1
CAGGTGCGTATAGGGC	T2-CD19neg	1
CAGGTGCGTCCGTCAG	T2-CD19neg	1
CAGTAACTCACTTCAT	T2-CD19neg	1
CAGTAACTCCTAGAAC	T2-CD19neg	1
CAGTCCTAGACTGGGT	T2-CD19neg	2
CAGTCCTAGTGTCTCA	T2-CD19neg	1
CAGTCCTTCCCGGATG	T2-CD19neg	1
CATATGGAGAATGTGT	T2-CD19neg	1
CATATGGAGGCAATTA	T2-CD19neg	1
CATATGGCAAGCCGCT	T2-CD19neg	1
CATCAAGGTAGCACGA	T2-CD19neg	1
CATCAAGGTAGCCTAT	T2-CD19neg	1
CATCAGAGTACCGTAT	T2-CD19neg	1
CATCCACTCAAGGCTT	T2-CD19neg	1
CATCGAAGTAGCCTCG	T2-CD19neg	1
CATCGGGGTGTGAAAT	T2-CD19neg	1
CATGACAAGAAGGCCT	T2-CD19neg	1
CATGGCGAGGCTAGGT	T2-CD19neg	5
CATTATCTCCGCTGTT	T2-CD19neg	0
CATTATCTCTCGTATT	T2-CD19neg	1
CCAATCCAGTTAAGTG	T2-CD19neg	1
CCAATCCCATGCCACG	T2-CD19neg	0
CCACCTACAAACTGCT	T2-CD19neg	1
CCACCTACATGCCACG	T2-CD19neg	1
CCACTACCAACCGCCA	T2-CD19neg	1
CCAGCGACACGGTAGA	T2-CD19neg	1
CCATGTCAGCCGGTAA	T2-CD19neg	1
CCATTCGCAAGTAATG	T2-CD19neg	1
CCATTCGCATGGAATA	T2-CD19neg	1
CCATTCGGTGTGACGA	T2-CD19neg	1
CCCAATCCATCACGAT	T2-CD19neg	1
CCCAATCTCCAGAAGG	T2-CD19neg	1
CCCAGTTCAATGGTCT	T2-CD19neg	1
CCCAGTTCAGTCAGCC	T2-CD19neg	1
CCCATACCAGCTTAAC	T2-CD19neg	1
CCCATACGTACCGTTA	T2-CD19neg	4
CCGGGATGTTGTGGAG	T2-CD19neg	1
CCGGTAGCAAACTGCT	T2-CD19neg	1
CCGTACTAGAAAGTGG	T2-CD19neg	1
CCGTGGAAGACCTAGG	T2-CD19neg	1
CCGTGGAGTACCTACA	T2-CD19neg	1
CCGTTCAGTGCTGTAT	T2-CD19neg	1
CCGTTCATCAGCTCTC	T2-CD19neg	1
CCTAAAGCATCCTTGC	T2-CD19neg	1
CCTACACAGTAGATGT	T2-CD19neg	1
CCTACCATCAACCAAC	T2-CD19neg	1
CCTAGCTTCCTATTCA	T2-CD19neg	1
CCTCAGTGTGATGATA	T2-CD19neg	1
CCTCAGTTCAGGCAAG	T2-CD19neg	1
CCTCAGTTCCAACCAA	T2-CD19neg	1
CCTTACGAGGCAGGTT	T2-CD19neg	1
CCTTACGGTACAGACG	T2-CD19neg	1
CCTTACGGTCCAAGTT	T2-CD19neg	1
CCTTACGGTCCAGTAT	T2-CD19neg	1
CCTTCGACATGTCTCC	T2-CD19neg	1
CCTTCGATCCATGAAC	T2-CD19neg	1
CCTTTCTAGCCACCTG	T2-CD19neg	1
CCTTTCTCAAAGGCGT	T2-CD19neg	1
CCTTTCTCAAATCCGT	T2-CD19neg	1
CCTTTCTGTAAATACG	T2-CD19neg	1
CCTTTCTTCGCAGGCT	T2-CD19neg	1
CGAATGTGTGAGTATA	T2-CD19neg	2
CGAATGTGTGCCTGCA	T2-CD19neg	1
CGAATGTTCAGCGATT	T2-CD19neg	1
CGACCTTAGTCGCCGT	T2-CD19neg	1
CGACCTTGTTGCCTCT	T2-CD19neg	1
CGACCTTTCGGCATCG	T2-CD19neg	1
CGAGAAGGTGGTGTAG	T2-CD19neg	1
CGAGCACGTATTACCG	T2-CD19neg	1
CGAGCACTCGGTTAAC	T2-CD19neg	1
CGAGCCAAGATCCCAT	T2-CD19neg	1
CGAGCCATCGCCTGTT	T2-CD19neg	1
CGATCGGCAGCGATCC	T2-CD19neg	1
CGATCGGGTGAGGCTA	T2-CD19neg	1
CGCGTTTGTTGTTTGG	T2-CD19neg	1
CGCTATCAGGGTGTGT	T2-CD19neg	1
CGCTATCCATACAGCT	T2-CD19neg	1
CGCTGGAGTCTGATCA	T2-CD19neg	0
CGCTTCACAATCCGAT	T2-CD19neg	1
CGGACGTGTCTTGATG	T2-CD19neg	1
CGGACTGCAGATCGGA	T2-CD19neg	1
CGGACTGCAGTAACGG	T2-CD19neg	1
CGGACTGGTCGCGGTT	T2-CD19neg	1
CGGACTGGTTGCTCCT	T2-CD19neg	1
CGGAGCTCAGACGCAA	T2-CD19neg	1
CGGAGCTGTTCGGCAC	T2-CD19neg	1
CGGAGCTGTTGATTGC	T2-CD19neg	1
CGGAGCTTCTAACTGG	T2-CD19neg	1
CGGAGTCGTAAGAGGA	T2-CD19neg	1
CGGAGTCTCCGTTGCT	T2-CD19neg	1
CGGGTCACAAGTCTAC	T2-CD19neg	1
CGTAGCGTCTTTAGGG	T2-CD19neg	1
CGTAGGCCAAGTCATC	T2-CD19neg	1
CGTAGGCTCGGCATCG	T2-CD19neg	1
CGTAGGCTCTCCCTGA	T2-CD19neg	1
CGTCACTTCTCTAAGG	T2-CD19neg	5
CGTCAGGTCCCATTAT	T2-CD19neg	1
CGTCCATCACCAGATT	T2-CD19neg	1
CGTCCATCATCATCCC	T2-CD19neg	2
CGTCCATGTCAAGCGA	T2-CD19neg	1
CGTCCATGTCGTTGTA	T2-CD19neg	1
CGTCTACAGGTTCCTA	T2-CD19neg	1
CGTCTACCAGCTGGCT	T2-CD19neg	1
CGTCTACCATGATCCA	T2-CD19neg	1
CGTGTAAGTTCCCGAG	T2-CD19neg	1
CGTGTAATCTAACTTC	T2-CD19neg	1
CGTGTAATCTTAACCT	T2-CD19neg	1
CGTGTCTTCATAGCAC	T2-CD19neg	0
CGTTAGACAATAGCGG	T2-CD19neg	1
CGTTAGACATACGCTA	T2-CD19neg	1
CGTTAGATCTTTACAC	T2-CD19neg	1
CTAACTTCAGTTTACG	T2-CD19neg	1
CTAACTTTCGTTGCCT	T2-CD19neg	1
CTAAGACCACGCGAAA	T2-CD19neg	1
CTAAGACGTCGAACAG	T2-CD19neg	1
CTACCCATCGGACAAG	T2-CD19neg	1
CTAGCCTAGTCCGTAT	T2-CD19neg	1
CTAGCCTCAAGCCATT	T2-CD19neg	1
CTAGCCTCAGCTGTGC	T2-CD19neg	1
CTAGCCTGTGCAACGA	T2-CD19neg	1
CTAGCCTTCGTCTGCT	T2-CD19neg	1
CTAGTGAGTTACGTCA	T2-CD19neg	1
CTAGTGATCTCCGGTT	T2-CD19neg	1
CTCACACCATGCGCAC	T2-CD19neg	1
CTCAGAAGTCATTAGC	T2-CD19neg	3
CTCATTAAGCGGATCA	T2-CD19neg	1
CTCATTAAGTTAGCGG	T2-CD19neg	4
CTCATTACATGGTTGT	T2-CD19neg	1
CTCATTAGTCTGCAAT	T2-CD19neg	1
CTCGAAAGTCTAGGTT	T2-CD19neg	1
CTCGAAAGTGGTCCGT	T2-CD19neg	1
CTCGAAAGTTGCTCCT	T2-CD19neg	1
CTCGAGGAGAAACCGC	T2-CD19neg	1
CTCGGAGAGTGGAGAA	T2-CD19neg	1
CTCGGAGGTACACCGC	T2-CD19neg	2
CTCGGAGGTTCGTCTC	T2-CD19neg	1
CTCGGGACATCCGCGA	T2-CD19neg	1
CTCGTACTCTTCTGGC	T2-CD19neg	1
CTCGTCATCCCTTGTG	T2-CD19neg	1
CTCTAATTCCGCGTTT	T2-CD19neg	1
CTCTACGGTCGCGTGT	T2-CD19neg	1
CTCTGGTCACGCATCG	T2-CD19neg	1
CTCTGGTGTCTTCAAG	T2-CD19neg	1
CTGAAGTAGCTAGGCA	T2-CD19neg	1
CTGAAGTAGGGCTTGA	T2-CD19neg	1
CTGAAGTGTGGGTCAA	T2-CD19neg	1
CTGATAGCAGTGACAG	T2-CD19neg	1
CTGCCTAAGCTGAAAT	T2-CD19neg	1
CTGCGGAAGCTGAACG	T2-CD19neg	1
CTGCGGAGTGTTGAGG	T2-CD19neg	1
CTGCTGTAGGCCGAAT	T2-CD19neg	0
CTGGTCTAGACGCACA	T2-CD19neg	2
CTGGTCTAGTCCGGTC	T2-CD19neg	1
CTGTGCTCAGTTCATG	T2-CD19neg	1
CTGTTTAAGACCACGA	T2-CD19neg	1
CTTAACTCATAAAGGT	T2-CD19neg	1
CTTAACTCATTTGCTT	T2-CD19neg	3
CTTAACTGTCATATCG	T2-CD19neg	1
CTTACCGCAGACGCTC	T2-CD19neg	1
CTTAGGATCTATCGCC	T2-CD19neg	4
CTTCTCTTCCCTCTTT	T2-CD19neg	1
CTTTGCGGTGTTGGGA	T2-CD19neg	1
GAAACTCTCAGCATGT	T2-CD19neg	1
GAACATCAGAGCTGCA	T2-CD19neg	0
GAACATCAGTGCCAGA	T2-CD19neg	0
GAACATCCAGTTTACG	T2-CD19neg	1
GAACATCTCTTTACGT	T2-CD19neg	1
GAACCTATCCGAATGT	T2-CD19neg	1
GAACCTATCGTTACGA	T2-CD19neg	1
GAACGGAAGAACTCGG	T2-CD19neg	1
GAACGGACAAAGGCGT	T2-CD19neg	1
GAAGCAGAGGAGCGTT	T2-CD19neg	1
GAAGCAGCAATCTGCA	T2-CD19neg	1
GAATAAGCATTATCTC	T2-CD19neg	1
GACACGCAGTCCGGTC	T2-CD19neg	1
GACAGAGAGCTAGTCT	T2-CD19neg	1
GACAGAGTCAGTACGT	T2-CD19neg	1
GACCAATCACCTTGTC	T2-CD19neg	1
GACCAATGTGACGGTA	T2-CD19neg	1
GACCTGGAGTGTTAGA	T2-CD19neg	5
GACCTGGGTCTCCACT	T2-CD19neg	1
GACCTGGGTTTCGCTC	T2-CD19neg	1
GACGCGTGTGAGGCTA	T2-CD19neg	1
GACGGCTCACATGGGA	T2-CD19neg	1
GACGGCTCAGGGATTG	T2-CD19neg	1
GACGTGCGTGAGTATA	T2-CD19neg	1
GACGTGCTCCCTGACT	T2-CD19neg	2
GACGTGCTCGGAAATA	T2-CD19neg	0
GACGTTACAAACCTAC	T2-CD19neg	1
GACGTTAGTAGGGACT	T2-CD19neg	1
GACTACAGTCGAGATG	T2-CD19neg	1
GACTGCGAGAACTGTA	T2-CD19neg	1
GACTGCGAGCTCCTTC	T2-CD19neg	1
GAGCAGAAGACTAAGT	T2-CD19neg	3
GAGCAGACACGGTGTC	T2-CD19neg	2
GAGCAGAGTAGGGACT	T2-CD19neg	1
GAGCAGAGTCGAATCT	T2-CD19neg	1
GAGCAGAGTCTAACGT	T2-CD19neg	1
GAGTCCGCAGGATCGA	T2-CD19neg	1
GAGTCCGGTTCGCTAA	T2-CD19neg	1
GAGTCCGTCCGTTGTC	T2-CD19neg	1
GATCAGTGTAAATGTG	T2-CD19neg	1
GATCAGTTCTTACCGC	T2-CD19neg	1
GATCGCGCACATCTTT	T2-CD19neg	1
GATCGCGGTGCAGGTA	T2-CD19neg	1
GATCGCGTCCAGAGGA	T2-CD19neg	1
GATCGTATCCAGATCA	T2-CD19neg	1
GATCTAGAGACAGACC	T2-CD19neg	1
GATCTAGGTACCAGTT	T2-CD19neg	1
GATGAGGTCAAACCAC	T2-CD19neg	1
GATGCTAGTCTTGTCC	T2-CD19neg	1
GATGCTATCTCTGAGA	T2-CD19neg	1
GATTCAGCATTACGAC	T2-CD19neg	1
GATTCAGGTAGCAAAT	T2-CD19neg	1
GATTCAGTCATGTCCC	T2-CD19neg	1
GATTCAGTCGAATGGG	T2-CD19neg	2
GATTCAGTCTCCTATA	T2-CD19neg	1
GCAAACTAGCCGCCTA	T2-CD19neg	1
GCAAACTAGCGGATCA	T2-CD19neg	1
GCAAACTGTAGCCTAT	T2-CD19neg	1
GCAATCATCCGCGTTT	T2-CD19neg	1
GCAGCCATCAACGAAA	T2-CD19neg	1
GCATACAAGCAGGTCA	T2-CD19neg	1
GCATACAAGTGGGTTG	T2-CD19neg	1
GCATGCGAGATGCGAC	T2-CD19neg	1
GCATGCGTCTTCGAGA	T2-CD19neg	1
GCCAAATCATTATCTC	T2-CD19neg	1
GCCAAATGTCTAGAGG	T2-CD19neg	1
GCCTCTATCCAAAGTC	T2-CD19neg	1
GCGCCAAAGTAGGTGC	T2-CD19neg	1
GCGCCAATCACTATTC	T2-CD19neg	1
GCGCGATAGAGGTACC	T2-CD19neg	1
GCGCGATAGATCACGG	T2-CD19neg	1
GCGCGATGTATTCGTG	T2-CD19neg	3
GCGCGATTCCGCGTTT	T2-CD19neg	1
GCGCGATTCTTGAGAC	T2-CD19neg	1
GCGGGTTAGATCGGGT	T2-CD19neg	1
GCTCTGTGTGGTGTAG	T2-CD19neg	1
GCTGCAGAGAGGACGG	T2-CD19neg	1
GCTGCAGTCGGCTACG	T2-CD19neg	1
GCTGCGAAGTAGCGGT	T2-CD19neg	1
GCTGCTTCACAGCGTC	T2-CD19neg	1
GCTGCTTTCAGAGACG	T2-CD19neg	1
GCTGGGTCACCGAATT	T2-CD19neg	1
GCTGGGTGTCCGAGTC	T2-CD19neg	1
GCTTGAACAAACGCGA	T2-CD19neg	1
GCTTGAACAATGGACG	T2-CD19neg	0
GGAAAGCCATGTTCCC	T2-CD19neg	1
GGAAAGCGTCCGAACC	T2-CD19neg	1
GGAACTTAGCTGGAAC	T2-CD19neg	1
GGAACTTTCAGTGTTG	T2-CD19neg	1
GGAACTTTCGGAAATA	T2-CD19neg	1
GGAATAACAATGTTGC	T2-CD19neg	1
GGAATAATCGGTCTAA	T2-CD19neg	1
GGACAAGGTGTCAATC	T2-CD19neg	1
GGACAAGGTTGGGACA	T2-CD19neg	1
GGACAGATCCACGTTC	T2-CD19neg	1
GGACAGATCTGCGTAA	T2-CD19neg	1
GGACATTAGCGCTTAT	T2-CD19neg	2
GGACATTTCAACCATG	T2-CD19neg	1
GGACATTTCTAAGCCA	T2-CD19neg	1
GGACGTCAGCGATGAC	T2-CD19neg	1
GGAGCAACAAGTTCTG	T2-CD19neg	1
GGATGTTAGCTGTCTA	T2-CD19neg	1
GGATGTTGTGCCTGCA	T2-CD19neg	1
GGATGTTGTGTGCGTC	T2-CD19neg	1
GGATTACAGGTGTGGT	T2-CD19neg	1
GGATTACCATCACGAT	T2-CD19neg	1
GGCAATTGTGTAACGG	T2-CD19neg	1
GGCTCGATCATACGGT	T2-CD19neg	1
GGCTGGTAGTTGCAGG	T2-CD19neg	0
GGCTGGTCATGAACCT	T2-CD19neg	1
GGGAATGAGGAATTAC	T2-CD19neg	1
GGGAATGCATGCGCAC	T2-CD19neg	1
GGGAATGGTGACCAAG	T2-CD19neg	1
GGGAATGTCAGATAAG	T2-CD19neg	1
GGGAATGTCTCACATT	T2-CD19neg	1
GGGACCTCACCGTTGG	T2-CD19neg	1
GGGAGATAGGTGGGTT	T2-CD19neg	1
GGGAGATAGTGGGATC	T2-CD19neg	1
GGGAGATTCAACCAAC	T2-CD19neg	1
GGGAGATTCGCCATAA	T2-CD19neg	1
GGGATGAAGACAATAC	T2-CD19neg	1
GGGATGAGTGATAAGT	T2-CD19neg	1
GGGATGATCTGCGGCA	T2-CD19neg	1
GGGCACTAGGCAAAGA	T2-CD19neg	1
GGGCACTTCATCGATG	T2-CD19neg	1
GGGTCTGTCGGAAATA	T2-CD19neg	1
GGGTCTGTCTGACCTC	T2-CD19neg	1
GGGTTGCCACAACGTT	T2-CD19neg	1
GGGTTGCCAGCTTCGG	T2-CD19neg	1
GGGTTGCGTGTTGGGA	T2-CD19neg	1
GGTATTGAGTACGCCC	T2-CD19neg	1
GGTGAAGGTAGGCTGA	T2-CD19neg	1
GGTGAAGGTGCGCTTG	T2-CD19neg	1
GGTGCGTCATGCCACG	T2-CD19neg	1
GGTGTTAAGCTCCTCT	T2-CD19neg	1
GTAACGTAGGCAGGTT	T2-CD19neg	1
GTAACGTAGTGCTGCC	T2-CD19neg	1
GTAACGTCATCACGAT	T2-CD19neg	1
GTAACTGGTTGAGTTC	T2-CD19neg	1
GTACGTAAGTCGAGTG	T2-CD19neg	1
GTACGTATCGTTGACA	T2-CD19neg	1
GTACTTTGTCCAACTA	T2-CD19neg	1
GTATTCTCATTCACTT	T2-CD19neg	1
GTCAAGTGTTACGGAG	T2-CD19neg	1
GTCAAGTTCGCGTAGC	T2-CD19neg	1
GTCACAAAGATATACG	T2-CD19neg	1
GTCACAAGTCTAGTGT	T2-CD19neg	1
GTCACAAGTTAAAGTG	T2-CD19neg	1
GTCACGGAGCCGCCTA	T2-CD19neg	1
GTCACGGCACCACGTG	T2-CD19neg	1
GTCATTTCACCTCGGA	T2-CD19neg	1
GTCCTCAGTACCGCTG	T2-CD19neg	1
GTCCTCAGTGATAAAC	T2-CD19neg	2
GTCCTCAGTGCCTGGT	T2-CD19neg	1
GTCGGGTGTAAGTTCC	T2-CD19neg	2
GTCGGGTGTACTCGCG	T2-CD19neg	1
GTCGTAATCAACGGGA	T2-CD19neg	1
GTCGTAATCCTATTCA	T2-CD19neg	1
GTCTTCGAGACTAAGT	T2-CD19neg	1
GTCTTCGCAATGTAAG	T2-CD19neg	1
GTCTTCGGTCCGCTGA	T2-CD19neg	1
GTGAAGGCATCTCGCT	T2-CD19neg	1
GTGCAGCAGACAAAGG	T2-CD19neg	1
GTGCAGCCAACACGCC	T2-CD19neg	1
GTGCATACAAGGGTCA	T2-CD19neg	1
GTGCATAGTACCATCA	T2-CD19neg	1
GTGCGGTCAGTTTACG	T2-CD19neg	1
GTGCGGTGTAAACGCG	T2-CD19neg	1
GTGCGGTGTACTCTCC	T2-CD19neg	1
GTGCGGTTCTTACCTA	T2-CD19neg	1
GTGCTTCAGTACCGGA	T2-CD19neg	1
GTGGGTCCAGCTCGAC	T2-CD19neg	4
GTGGGTCCATCGGGTC	T2-CD19neg	1
GTGGGTCGTATAGTAG	T2-CD19neg	1
GTGTTAGAGACAATAC	T2-CD19neg	1
GTGTTAGTCAGTGCAT	T2-CD19neg	1
GTTAAGCAGCTCCCAG	T2-CD19neg	1
GTTACAGGTTACAGAA	T2-CD19neg	1
GTTCGGGCAAACCCAT	T2-CD19neg	1
GTTCGGGCAGTAAGAT	T2-CD19neg	1
GTTCGGGTCAGTTTGG	T2-CD19neg	1
GTTCTCGAGGGTCTCC	T2-CD19neg	2
GTTCTCGGTAGCTAAA	T2-CD19neg	1
TAAACCGAGCTGTCTA	T2-CD19neg	1
TAAACCGTCTTCGAGA	T2-CD19neg	1
TAAGAGAAGCCGTCGT	T2-CD19neg	1
TAAGCGTTCTCTTATG	T2-CD19neg	1
TAAGTGCGTAGCACGA	T2-CD19neg	1
TACACGACATGCCCGA	T2-CD19neg	1
TACACGAGTGCAGTAG	T2-CD19neg	1
TACCTATCATTTGCCC	T2-CD19neg	1
TACCTTATCACATACG	T2-CD19neg	1
TACGGATAGAACAATC	T2-CD19neg	1
TACGGATGTCGCATAT	T2-CD19neg	1
TACGGGCTCATAACCG	T2-CD19neg	1
TACTCATAGCCTATGT	T2-CD19neg	1
TACTCGCTCTTAACCT	T2-CD19neg	0
TACTTACCAATCCAAC	T2-CD19neg	0
TACTTACCACATTCGA	T2-CD19neg	0
TACTTACTCGCCAAAT	T2-CD19neg	1
TACTTGTGTAATTGGA	T2-CD19neg	1
TAGACCATCACCGTAA	T2-CD19neg	1
TAGAGCTGTGTGAAAT	T2-CD19neg	1
TAGAGCTGTTCGTCTC	T2-CD19neg	1
TAGCCGGAGGACTGGT	T2-CD19neg	1
TAGCCGGCAAGCTGTT	T2-CD19neg	1
TAGCCGGGTATATCCG	T2-CD19neg	1
TAGCCGGGTATGGTTC	T2-CD19neg	1
TAGCCGGTCAACACGT	T2-CD19neg	0
TAGGCATGTCCGAACC	T2-CD19neg	1
TAGTGGTCAAGAAAGG	T2-CD19neg	1
TAGTTGGTCTTAGAGC	T2-CD19neg	1
TATCTCAAGCTAGCCC	T2-CD19neg	1
TATGCCCTCCCTCAGT	T2-CD19neg	1
TATTACCAGACAATAC	T2-CD19neg	1
TATTACCAGCTGAAAT	T2-CD19neg	1
TATTACCCAGCCAATT	T2-CD19neg	1
TATTACCGTCAGCTAT	T2-CD19neg	1
TCAACGAAGTGACATA	T2-CD19neg	1
TCACAAGAGAGCTGCA	T2-CD19neg	2
TCACAAGGTGTGACCC	T2-CD19neg	1
TCACAAGTCCGTCAAA	T2-CD19neg	1
TCACGAAAGGGCTTGA	T2-CD19neg	1
TCACGAAGTCACTGGC	T2-CD19neg	1
TCAGATGCAATGGAGC	T2-CD19neg	1
TCAGCTCGTTCTCATT	T2-CD19neg	1
TCAGCTCTCACCATAG	T2-CD19neg	2
TCAGGATTCTATCCCG	T2-CD19neg	1
TCAGGTAAGCCCAACC	T2-CD19neg	1
TCAGGTAAGGAGCGTT	T2-CD19neg	1
TCATTTGCAAAGCAAT	T2-CD19neg	1
TCATTTGCATGCCACG	T2-CD19neg	1
TCCACACGTATCTGCA	T2-CD19neg	1
TCCACACTCTTGCAAG	T2-CD19neg	1
TCCCGATCACACCGAC	T2-CD19neg	1
TCGCGAGTCTGGTTCC	T2-CD19neg	1
TCGCGTTTCAGCTCTC	T2-CD19neg	1
TCGTAGAGTGCTGTAT	T2-CD19neg	4
TCGTAGAGTTCAGGCC	T2-CD19neg	1
TCGTAGATCATGCTCC	T2-CD19neg	1
TCTATTGGTCCGTTAA	T2-CD19neg	1
TCTATTGTCAAAGTAG	T2-CD19neg	1
TCTCTAAAGACAGGCT	T2-CD19neg	5
TCTCTAAAGCCGGTAA	T2-CD19neg	1
TCTCTAAAGTGTTTGC	T2-CD19neg	1
TCTCTAACACCGATAT	T2-CD19neg	1
TCTCTAAGTTCCACGG	T2-CD19neg	1
TCTGAGACAGGGTACA	T2-CD19neg	1
TCTGGAATCATTGCGA	T2-CD19neg	1
TCTTCGGCACCACGTG	T2-CD19neg	1
TCTTTCCAGCATGGCA	T2-CD19neg	1
TCTTTCCTCCAATGGT	T2-CD19neg	1
TGAAAGAAGAGGACGG	T2-CD19neg	1
TGACAACCACTTACGA	T2-CD19neg	1
TGACGGCTCCTTTCTC	T2-CD19neg	1
TGACTAGCAATTCCTT	T2-CD19neg	1
TGAGCATCACGAGGTA	T2-CD19neg	1
TGAGCATGTCTAGCGC	T2-CD19neg	1
TGAGGGAGTTCCCTTG	T2-CD19neg	2
TGATTTCAGCGTTCCG	T2-CD19neg	1
TGATTTCAGGGCTCTC	T2-CD19neg	1
TGCACCTTCGTCGTTC	T2-CD19neg	1
TGCCAAACACATCCAA	T2-CD19neg	1
TGCCAAACACCAACCG	T2-CD19neg	1
TGCCAAATCTCTGCTG	T2-CD19neg	1
TGCCCATCAAATCCGT	T2-CD19neg	1
TGCCCATCACAGACTT	T2-CD19neg	1
TGCCCATGTATATCCG	T2-CD19neg	1
TGCCCTAGTGACGCCT	T2-CD19neg	1
TGCGCAGAGGATGTAT	T2-CD19neg	1
TGCGCAGCACGAAATA	T2-CD19neg	1
TGCGCAGTCGCCATAA	T2-CD19neg	1
TGCGGGTCAAGTTAAG	T2-CD19neg	1
TGCGTGGAGTCCCACG	T2-CD19neg	1
TGCGTGGCACACATGT	T2-CD19neg	1
TGGACGCGTGTGGTTT	T2-CD19neg	1
TGGACGCTCCCTTGCA	T2-CD19neg	1
TGGACGCTCCGAAGAG	T2-CD19neg	1
TGGACGCTCTGATTCT	T2-CD19neg	1
TGGCCAGAGAGGGATA	T2-CD19neg	1
TGGCGCAGTCACCTAA	T2-CD19neg	1
TGGCGCATCTGATTCT	T2-CD19neg	1
TGGCTGGGTTGGAGGT	T2-CD19neg	1
TGGGAAGAGCCGATTT	T2-CD19neg	1
TGGGAAGCAAGTCTGT	T2-CD19neg	1
TGGGCGTAGCTAGCCC	T2-CD19neg	1
TGGGCGTGTCATGCAT	T2-CD19neg	1
TGGGCGTTCGCATGAT	T2-CD19neg	1
TGGTTAGCACCAGTTA	T2-CD19neg	1
TGGTTCCCACAGACAG	T2-CD19neg	1
TGGTTCCTCTGGGCCA	T2-CD19neg	1
TGTATTCGTAGGCTGA	T2-CD19neg	1
TGTCCCACACGCTTTC	T2-CD19neg	1
TGTCCCAGTGAGTATA	T2-CD19neg	1
TGTGTTTGTCGAAAGC	T2-CD19neg	1
TGTGTTTGTTGTCTTT	T2-CD19neg	1
TGTGTTTTCATTATCC	T2-CD19neg	0
TGTGTTTTCGAGCCCA	T2-CD19neg	1
TGTTCCGAGACAGAGA	T2-CD19neg	1
TTAACTCCAGCGTAAG	T2-CD19neg	1
TTAACTCGTTGGGACA	T2-CD19neg	1
TTAGGACGTCTAGCCG	T2-CD19neg	1
TTAGGCATCCCTCTTT	T2-CD19neg	1
TTAGGCATCCTTGCCA	T2-CD19neg	1
TTAGTTCCACACTGCG	T2-CD19neg	1
TTATGCTTCAACACAC	T2-CD19neg	1
TTCGAAGAGGGCTCTC	T2-CD19neg	1
TTCTACACAGGGTTAG	T2-CD19neg	1
TTCTCAACAAGCTGGA	T2-CD19neg	1
TTCTCCTGTTCGGCAC	T2-CD19neg	1
TTCTTAGCAGTAGAGC	T2-CD19neg	1
TTGACTTCACAACGCC	T2-CD19neg	1
TTGACTTCAGCTGCTG	T2-CD19neg	1
TTGACTTGTTACCGAT	T2-CD19neg	1
TTGCCGTCAGACAAAT	T2-CD19neg	1
TTGCGTCCAACTGCTA	T2-CD19neg	1
TTGCGTCCAGTAAGAT	T2-CD19neg	1
TTGCGTCTCGCTTAGA	T2-CD19neg	1
TTGGAACAGAAAGTGG	T2-CD19neg	1
TTGGAACCAGGTGGAT	T2-CD19neg	1
TTGGAACGTCCATCCT	T2-CD19neg	1
TTGGCAAAGCAACGGT	T2-CD19neg	2
TTGGCAACATGGGACA	T2-CD19neg	1
TTGGCAATCTCGTATT	T2-CD19neg	1
TTGTAGGAGGCGATAC	T2-CD19neg	1
TTGTAGGGTAGGGTAC	T2-CD19neg	1
TTTACTGAGGCTAGAC	T2-CD19neg	1
TTTACTGGTAGCTCCG	T2-CD19neg	1
TTTCCTCAGGGTGTTG	T2-CD19neg	1
TTTCCTCCAAGTTAAG	T2-CD19neg	1
TTTCCTCCATCTATGG	T2-CD19neg	1
TTTCCTCTCTCGTATT	T2-CD19neg	1
TTTGCGCCAGATGGGT	T2-CD19neg	1
TTTGCGCCATGCATGT	T2-CD19neg	1
TTTGCGCTCGTGGACC	T2-CD19neg	1
TTTGGTTGTCCGTGAC	T2-CD19neg	1
TTTGTCAAGCAGATCG	T2-CD19neg	1
TTTGTCAGTAAGGATT	T2-CD19neg	1
TTTGTCAGTTGTCTTT	T2-CD19neg	1
ACTGTCCTCTTAGCCC	T2-CD19pos	2
AAACCTGTCGGAAATA	T2-CD19pos	3
AACACGTCAGTCTTCC	T2-CD19pos	3
AACTCAGAGTGTACTC	T2-CD19pos	0
AACTCCCGTCTCAACA	T2-CD19pos	4
AACTGGTGTAGAGTGC	T2-CD19pos	3
AAGGCAGGTGTGCGTC	T2-CD19pos	3
AAGGTTCAGTGGGTTG	T2-CD19pos	3
AAGGTTCAGTGTCCAT	T2-CD19pos	3
AAGGTTCCATTGGTAC	T2-CD19pos	3
AAGGTTCGTGATAAGT	T2-CD19pos	3
ACACCCTAGTCCGTAT	T2-CD19pos	1
ACATGGTAGTTTGCGT	T2-CD19pos	4
ACCCACTTCCGTAGTA	T2-CD19pos	3
ACGATGTGTCAATGTC	T2-CD19pos	3
ACGCAGCGTATATGGA	T2-CD19pos	3
ACGCCAGTCAGCAACT	T2-CD19pos	3
ACGTCAATCGACCAGC	T2-CD19pos	3
ACTGTCCTCCATGAAC	T2-CD19pos	3
ACTTGTTTCCGCATAA	T2-CD19pos	4
ACTTTCATCTTGGGTA	T2-CD19pos	3
AGACGTTCACTGAAGG	T2-CD19pos	3
AGACGTTTCAAAGTAG	T2-CD19pos	3
AGACGTTTCGGCGCTA	T2-CD19pos	3
AGAGCGAAGGATCGCA	T2-CD19pos	3
AGAGCGAGTACAGTGG	T2-CD19pos	0
AGAGCGATCTCTTATG	T2-CD19pos	3
AGAGTGGAGTAGATGT	T2-CD19pos	4
AGAGTGGTCGGATGTT	T2-CD19pos	3
AGAGTGGTCGTTTGCC	T2-CD19pos	3
AGCCTAACACCTTGTC	T2-CD19pos	3
AGCGTATCAGATCGGA	T2-CD19pos	3
AGCTCCTAGAGCTGCA	T2-CD19pos	1
AGCTCTCTCAACACGT	T2-CD19pos	1
AGGCCACAGCTAAGAT	T2-CD19pos	3
AGGCCACGTGGACGAT	T2-CD19pos	3
AGGCCACTCACGACTA	T2-CD19pos	3
AGGCCACTCATGTGGT	T2-CD19pos	3
AGGGAGTGTAGCTAAA	T2-CD19pos	4
AGGGATGGTTGATTGC	T2-CD19pos	4
AGGGATGTCCGGGTGT	T2-CD19pos	3
AGGTCCGCAGGGTATG	T2-CD19pos	3
ATAACGCCACGACGAA	T2-CD19pos	3
ATCATCTGTGAAGGCT	T2-CD19pos	3
ATCCGAAAGTTGAGAT	T2-CD19pos	3
ATCTGCCTCCACGAAT	T2-CD19pos	3
CAACCTCTCAGTGCAT	T2-CD19pos	3
CAACTAGTCAACACTG	T2-CD19pos	3
CAAGATCGTTATGTGC	T2-CD19pos	4
CAAGGCCGTGGTTTCA	T2-CD19pos	3
CAAGTTGAGTATGACA	T2-CD19pos	3
CACAAACTCCCAAGTA	T2-CD19pos	1
CACACCTGTCTCACCT	T2-CD19pos	3
CACATAGAGCTGATAA	T2-CD19pos	4
CACATAGTCGTTACGA	T2-CD19pos	3
CACCTTGTCGCAAGCC	T2-CD19pos	4
CACTCCACAAATTGCC	T2-CD19pos	3
CAGATCAAGTAAGTAC	T2-CD19pos	3
CAGCTAAGTCTAAACC	T2-CD19pos	4
CAGCTAATCAACGGGA	T2-CD19pos	3
CAGCTGGCAGATAATG	T2-CD19pos	3
CAGGTGCTCAATCACG	T2-CD19pos	4
CAGTAACGTGGCCCTA	T2-CD19pos	3
CATCCACAGCGGCTTC	T2-CD19pos	3
CATTCGCAGATCCCGC	T2-CD19pos	4
CCACCTATCATCGATG	T2-CD19pos	3
CCATTCGTCAGGCCCA	T2-CD19pos	3
CCCATACAGGGTTCCC	T2-CD19pos	1
CCTACACGTACACCGC	T2-CD19pos	3
CCTAGCTCAAAGAATC	T2-CD19pos	3
CCTTACGGTACACCGC	T2-CD19pos	1
CCTTTCTCAATGTTGC	T2-CD19pos	3
CCTTTCTTCCGTTGCT	T2-CD19pos	4
CGAACATGTCTTCAAG	T2-CD19pos	3
CGAACATTCGTTACGA	T2-CD19pos	4
CGACCTTGTAGCAAAT	T2-CD19pos	3
CGACTTCAGTATCGAA	T2-CD19pos	3
CGACTTCGTACCGAGA	T2-CD19pos	3
CGATCGGTCCCTAACC	T2-CD19pos	3
CGATGGCTCTCAACTT	T2-CD19pos	3
CGCTATCTCATCACCC	T2-CD19pos	3
CGCTTCACAAAGAATC	T2-CD19pos	1
CGGACGTAGTGTCTCA	T2-CD19pos	3
CGGAGTCTCCGTACAA	T2-CD19pos	4
CGGGTCAAGATCACGG	T2-CD19pos	3
CGGGTCACATACCATG	T2-CD19pos	2
CGGTTAAGTAGAGCTG	T2-CD19pos	4
CGTAGGCTCCCTAATT	T2-CD19pos	2
CGTCAGGAGGGCTCTC	T2-CD19pos	3
CGTCCATTCCACGACG	T2-CD19pos	3
CGTGTAAAGATGGCGT	T2-CD19pos	4
CTAACTTTCGATGAGG	T2-CD19pos	4
CTAATGGGTAGCAAAT	T2-CD19pos	3
CTAGTGAAGTTGTCGT	T2-CD19pos	3
CTAGTGAGTAAATACG	T2-CD19pos	3
CTCAGAACATAGACTC	T2-CD19pos	3
CTCCTAGAGAAGATTC	T2-CD19pos	3
CTCGGAGTCTTAACCT	T2-CD19pos	3
CTCTACGGTCAGAATA	T2-CD19pos	3
CTGTGCTCATACAGCT	T2-CD19pos	3
CTGTGCTTCACCCGAG	T2-CD19pos	1
CTGTTTATCAACACCA	T2-CD19pos	1
CTTAGGAAGAGATGAG	T2-CD19pos	4
GAAACTCCACACGCTG	T2-CD19pos	3
GAAACTCTCAGGATCT	T2-CD19pos	3
GAACATCTCCGAATGT	T2-CD19pos	3
GAACGGATCACCACCT	T2-CD19pos	3
GAAGCAGAGCTAACAA	T2-CD19pos	4
GACACGCCAAGGACTG	T2-CD19pos	3
GACCAATTCGTACCGG	T2-CD19pos	4
GACGTGCCAGCGTAAG	T2-CD19pos	3
GACTAACTCATGGTCA	T2-CD19pos	3
GACTAACTCCCTCAGT	T2-CD19pos	4
GATCAGTGTCTCGTTC	T2-CD19pos	3
GATCTAGGTTAGATGA	T2-CD19pos	4
GATCTAGTCATCTGTT	T2-CD19pos	3
GATGAGGCACAACTGT	T2-CD19pos	4
GATGAGGCATTGCGGC	T2-CD19pos	3
GCACATAGTCGGCACT	T2-CD19pos	3
GCACTCTGTGATGATA	T2-CD19pos	4
GCAGTTATCGCCAGCA	T2-CD19pos	3
GCATACAAGATCTGCT	T2-CD19pos	3
GCATACATCATTGCGA	T2-CD19pos	3
GCCTCTACACAGACTT	T2-CD19pos	3
GCGACCAGTCGAATCT	T2-CD19pos	3
GCGAGAAAGGACAGAA	T2-CD19pos	3
GCGAGAAGTCATGCCG	T2-CD19pos	3
GCTGCAGGTTACCAGT	T2-CD19pos	4
GCTGGGTAGAGGACGG	T2-CD19pos	3
GGAAAGCAGTACCGGA	T2-CD19pos	3
GGACAAGCACCGTTGG	T2-CD19pos	1
GGAGCAATCTTTAGTC	T2-CD19pos	4
GGCCGATTCAGTCAGT	T2-CD19pos	4
GGGACCTCATTGGTAC	T2-CD19pos	3
GGGCATCGTCCAGTAT	T2-CD19pos	4
GGGTTGCAGGTGCTAG	T2-CD19pos	1
GGGTTGCGTAGTACCT	T2-CD19pos	4
GGTATTGCAAGTACCT	T2-CD19pos	3
GGTATTGCATGTTCCC	T2-CD19pos	3
GGTATTGTCATAACCG	T2-CD19pos	1
GGTGTTACATACAGCT	T2-CD19pos	3
GTAACGTAGTGCGATG	T2-CD19pos	3
GTAACTGAGCCGATTT	T2-CD19pos	4
GTAGTCAAGCAGCGTA	T2-CD19pos	3
GTAGTCAAGGTGATTA	T2-CD19pos	2
GTATCTTCAATTCCTT	T2-CD19pos	4
GTCAAGTAGTGGTAGC	T2-CD19pos	3
GTCACGGGTCGCGGTT	T2-CD19pos	4
GTCACGGTCCATGCTC	T2-CD19pos	2
GTCCTCACAGTGGAGT	T2-CD19pos	4
GTCTTCGGTTTGACAC	T2-CD19pos	3
GTGCTTCGTAATCGTC	T2-CD19pos	3
GTGTTAGTCGCGTAGC	T2-CD19pos	3
GTTAAGCGTAGCGCTC	T2-CD19pos	3
GTTCATTGTTGCCTCT	T2-CD19pos	3
GTTTCTACATTTCAGG	T2-CD19pos	3
TAAGAGAGTCACCTAA	T2-CD19pos	3
TAAGTGCCAAGGACAC	T2-CD19pos	3
TACACGATCCGATATG	T2-CD19pos	3
TACAGTGTCCTGCCAT	T2-CD19pos	3
TACCTTATCCCAAGTA	T2-CD19pos	4
TACTCATGTGGTGTAG	T2-CD19pos	1
TACTCGCAGTGTTGAA	T2-CD19pos	3
TAGCCGGAGAGCAATT	T2-CD19pos	3
TAGTTGGAGCCCGAAA	T2-CD19pos	3
TAGTTGGTCTGATACG	T2-CD19pos	3
TATCTCAGTCCAGTTA	T2-CD19pos	1
TATGCCCGTATTAGCC	T2-CD19pos	3
TATTACCCATGAAGTA	T2-CD19pos	3
TCACAAGGTACAGACG	T2-CD19pos	3
TCACAAGTCATCTGCC	T2-CD19pos	4
TCAGATGGTTAAGATG	T2-CD19pos	3
TCAGATGTCCAAACAC	T2-CD19pos	3
TCCACACCAATAGCGG	T2-CD19pos	3
TCGCGTTGTATGAAAC	T2-CD19pos	3
TCGGGACTCCGAATGT	T2-CD19pos	3
TCGGTAACAGCTGTGC	T2-CD19pos	3
TCGTACCTCACTTACT	T2-CD19pos	3
TCGTAGAGTTCACGGC	T2-CD19pos	3
TCTGGAAAGCCCTAAT	T2-CD19pos	3
TGAAAGACACGCCAGT	T2-CD19pos	3
TGACAACCACGCTTTC	T2-CD19pos	3
TGACGGCCAGCTATTG	T2-CD19pos	4
TGACGGCGTTCAGTAC	T2-CD19pos	3
TGAGCATGTGGCCCTA	T2-CD19pos	3
TGAGCCGGTTACGCGC	T2-CD19pos	3
TGCACCTGTACTTAGC	T2-CD19pos	3
TGCGGGTGTCTTGTCC	T2-CD19pos	3
TGCGGGTGTGAAAGAG	T2-CD19pos	3
TGGACGCAGCCACGCT	T2-CD19pos	4
TGGCGCATCTGTTGAG	T2-CD19pos	3
TGGCTGGGTACAGTGG	T2-CD19pos	3
TGGGAAGTCATTATCC	T2-CD19pos	0
TGGGCGTTCTATCGCC	T2-CD19pos	3
TGGTTAGTCAAACCGT	T2-CD19pos	3
TGTTCCGTCTGCTGCT	T2-CD19pos	3
TTATGCTCAAGAAAGG	T2-CD19pos	3
TTCGAAGCAAACGCGA	T2-CD19pos	3
TTCGAAGCACGTCTCT	T2-CD19pos	2
TTCTACATCTGCAAGT	T2-CD19pos	3
TTCTTAGAGACTTGAA	T2-CD19pos	3
TTGACTTTCAAGCCTA	T2-CD19pos	3
TTGGAACTCGTTTATC	T2-CD19pos	3
